text_sim,id_present,class_len,is_button,is_link,role_match,cv_similarity,cv_dist_norm,label
0.01680704566989899,1,2.597863894169011,1,0,0,0.15176615759985224,0.34722524317763365,0
0.39514621495495006,0,2.6399642193511106,0,1,1,0.13773897874541402,0.43087277656153233,0
0.05702242592057061,0,5.680013306808566,1,1,1,0.08774972688958099,0.43013041055970297,0
0.7294245043728956,0,3.1758450560080336,1,0,1,0.6806934921555128,0.6428718525878262,1
0.9131398852235302,1,1.7452481862309948,1,0,1,0.7578500542365524,0.7587181657193718,1
0.8462043283692249,0,3.7461232543882614,1,0,1,0.6981302497588715,0.7703356543986986,1
0.8849087201382542,1,3.8408946872651373,1,0,1,0.8750478843583067,0.8872247236767687,1
0.1882938367357755,0,3.3898165120687977,1,0,1,0.13211040784155392,0.2790598000574919,0
0.9246309501687048,1,1.2642390431296393,1,0,1,0.7958920710952365,0.7818625275182645,1
0.1639027792174622,1,0.6277769502141515,1,0,0,0.360937984191579,0.06765979745042788,0
0.8702153566862744,0,1.4285931152224656,1,0,1,0.6703517631818681,0.7058544493161814,1
0.08801140057688078,1,1.4273373071209945,1,1,0,0.11010053828866845,0.04801890380926255,0
0.3074480290036496,0,1.6732857737906064,0,1,1,0.24478536935717682,0.48655154928678096,0
0.7616578155481103,0,1.3955189347030768,1,0,1,0.8123235055389997,0.6855074593007533,1
0.8421692069195654,1,1.5638393634912078,1,0,1,0.8286950663896426,0.8843137558582099,1
0.017987756044583636,0,0.689695470580378,0,0,0,0.2564820719621741,0.3675834163103851,0
0.16773947666769062,1,4.6136129694077574,1,1,1,0.09748298575275205,0.18238074318252068,0
0.42791848582909403,1,2.682452441971585,1,0,0,0.21904639518996655,0.24605672525814615,0
0.923351225811536,0,2.6410229416951148,1,0,1,0.9129576849528173,0.8446912214364832,1
0.2007446699581803,0,3.374079414344595,0,0,1,0.053544925548823785,0.13331416905199683,0
0.3451719612499478,1,3.219502566405235,0,1,0,0.1262924871983735,0.18923445896461427,0
0.417384649344463,1,3.3800989742952017,1,0,0,0.2541122482677839,0.046451431402054544,0
0.10275745933627584,1,0.7826551082180646,1,1,1,0.3959525953865303,0.014209358204991973,0
0.8445374803017336,1,3.288820814355887,1,0,1,0.9527864654620339,0.7464867164362319,1
0.13378463218508424,0,3.8322756306743697,1,0,1,0.10021276656697331,0.4339292289418479,0
0.866956868347994,0,1.1047946925071879,1,0,1,0.8647070591344936,0.6679457397495702,1
0.4623165240057895,1,0.4121563251184712,1,1,1,0.1058172613379596,0.2797973773848388,0
0.740634233877042,0,1.5850997284262478,1,0,1,0.8717083307086966,0.9853316371882191,1
0.8735199456771087,0,3.8450608225190894,1,0,1,0.7360152246159001,0.7194322683834538,1
0.7146736878662998,1,1.6584275941572781,1,0,1,0.8470698958265314,0.8823981198651949,1
0.7254916760613387,0,2.5181033485303415,1,0,1,0.6042835832470641,0.6766815331890874,1
0.21275314384220068,1,1.5820765345898633,0,1,0,0.4982254139328205,0.07068007041143654,0
0.4286308599233589,0,5.019045137736643,1,1,0,0.35730266375321096,0.03675309606006283,0
0.7337167074299892,0,1.1635349449750665,1,0,1,0.7960132282828197,0.6918486652508462,1
0.8770458718340027,1,3.0630814354226237,1,0,1,0.9403546820818385,0.6967197999940175,1
0.8490774289142267,0,3.2515196019363883,1,0,1,0.7893632463383395,0.8567015697313047,1
0.8222661797156142,1,3.3295381210827757,1,0,1,0.9854734413606341,0.9806598544962644,1
0.17832426895468484,1,5.924719589211623,0,1,0,0.38203837422773124,0.22139553923222915,0
0.3852525588234455,1,1.0761186047508886,0,0,1,0.24611217487037867,0.11373475463797622,0
0.7166184553840242,0,1.0509924730190119,1,0,1,0.9319872922839938,0.9288909610738647,1
0.8720472926324919,0,3.113299907405006,1,0,1,0.6863043895261094,0.7903447642750867,1
0.301301774963819,1,1.7626073183376716,1,1,1,0.04385899742720123,0.3470783186265754,0
0.4370514104704051,1,5.021642533445776,0,0,1,0.21412580150169347,0.15592119454421483,0
0.3425336533978092,1,0.7969621569404668,1,1,1,0.09267584545937074,0.325632703585575,0
0.15368952996093044,1,0.10509369151694048,1,0,1,0.05607695075046759,0.1875595296605979,0
0.9315272456872099,0,2.7686328520129724,1,0,1,0.7468720140083387,0.6812607046192534,1
0.8644249190844848,1,3.123160371022057,1,0,1,0.903321456350699,0.7679547774487633,1
0.7683270830196522,0,1.673125624325292,1,0,1,0.7046114700962226,0.8135772149582116,1
0.8387834836769508,1,3.339294150377608,1,0,1,0.6137325940997406,0.9467610549251212,1
0.8627812614319676,0,3.8471817599064866,1,0,1,0.7700327008251422,0.6514665315444068,1
0.2798979784850142,1,1.7317548578404067,1,0,1,0.3193736216707829,0.3498001618624533,0
0.9981618691111618,0,2.8307151394721246,1,0,1,0.971328470157193,0.703415409568972,1
0.9804107102623612,1,3.377444113320768,1,0,1,0.6301668257268143,0.6465345341410245,1
0.32145516105786787,1,0.7864261772179393,0,1,1,0.017277014129623236,0.3589372823821092,0
0.4450392082257068,0,2.1987306262992656,1,1,0,0.10016774429969111,0.42766209790255577,0
0.9295728691047966,1,1.7878859255434865,1,0,1,0.7532498985692399,0.7313022926844623,1
0.7278400883702247,1,3.146443705418272,1,0,1,0.8583522242910548,0.8356080585648806,1
0.9993756041880772,0,2.171790779311802,1,0,1,0.7692052045377337,0.8212610537782405,1
0.9782011388419288,1,2.799741764626195,1,0,1,0.7079347202005941,0.7863245806130456,1
0.7629204672385184,1,2.5892489257952245,1,0,1,0.7892555800433096,0.6072771068830471,1
0.9833324678014848,0,2.852887821262745,1,0,1,0.7186806785436483,0.982229965892737,1
0.4459316511439144,1,2.163259766744244,1,1,1,0.4231837981152514,0.33053782519300123,0
0.8254118007078075,0,2.847752179414191,1,0,1,0.7219214926805885,0.820844400560795,1
0.9986521449149619,1,3.7246891508404443,1,0,1,0.600862751622998,0.6796441948746608,1
0.32055115556555985,0,4.1519588647750565,0,0,1,0.23449065803286023,0.2524169999680977,0
0.29017828106224325,0,0.04393617947181894,0,0,0,0.015661882315472275,0.08666117461871059,0
0.7851226056379487,0,2.4604578484161914,1,0,1,0.8644256605234055,0.7556809852392846,1
0.1472556807385878,0,1.7667069187892674,1,1,1,0.023448936276387,0.43978668433967977,0
0.13676938653149634,1,0.7453444068511561,1,1,0,0.04436378784202677,0.24255656915298562,0
0.8215177372122425,1,1.8896554549229176,1,0,1,0.8096229435402249,0.9756711308763881,1
0.7381727517297962,0,3.7817880470371,1,0,1,0.8204582556171199,0.93340948687093,1
0.23995002603315058,0,2.524308699147285,0,0,1,0.1541528310516393,0.34377886072841124,0
0.7919088985598013,0,3.0845675543292157,1,0,1,0.9126093953068488,0.727807292424468,1
0.79901104800309,1,2.2095800093807907,1,0,1,0.9055584159280685,0.671489844042339,1
0.17164459909257657,1,2.1031466819881546,0,1,0,0.47242460447515305,0.05118763663306364,0
0.9786840787037328,1,2.702078317608479,1,0,1,0.9595894560230926,0.717696012488066,1
0.7397452573374635,0,1.3875107899042354,1,0,1,0.7880997280829836,0.7781455295981651,1
0.7040135728898284,0,1.9142932374148218,1,0,1,0.8808020400609529,0.9683620618633875,1
0.4999882190738648,0,3.807190057233148,1,1,0,0.4641820803256216,0.4347000064712978,0
0.13319332959140334,1,5.295186370345071,0,0,1,0.16575555070830345,0.15147117709785962,0
0.012107988247578472,0,4.340805684519512,0,1,1,0.17292422109622668,0.2321809058808878,0
0.7467542300021515,1,3.3116267170197453,1,0,1,0.9649096317622875,0.8228060524556413,1
0.2829105207955223,0,2.6479382007165935,0,1,0,0.3931681816482498,0.2730939919522205,0
0.04290612329379684,0,2.633600328333349,1,1,0,0.04171960559551924,0.0768330932367094,0
0.062230251499359956,1,2.065262255786747,1,1,1,0.4508976510282923,0.20265049328043216,0
0.14769881177308497,0,3.1169327841309484,1,0,0,0.06178101365607619,0.008586403548553778,0
0.03324261943395729,1,5.833543741780842,0,1,0,0.2420924126513413,0.07862449777135638,0
0.08671044114403359,1,2.3557785317095137,0,1,0,0.005936072708554008,0.18978242539078954,0
0.805273387782522,1,3.8525874245060945,1,0,1,0.6235569991356872,0.8907453629767288,1
0.890474031048349,1,1.253536848198186,1,0,1,0.6686126855905975,0.8296150059902819,1
0.9758267198454553,0,2.113047323645355,1,0,1,0.9099870615437511,0.6122460973655269,1
0.4273601013259522,0,1.08593569604101,1,0,1,0.10129381260540471,0.10381893217773197,0
0.18935976526237658,0,0.7740484832392767,0,0,1,0.0656248843270546,0.06984347913135741,0
0.7155760259957693,1,1.4283525068208065,1,0,1,0.6184059017888598,0.9483793104779453,1
0.935843771909098,0,3.117068063405131,1,0,1,0.7328056960018318,0.9686084996658284,1
0.36040861623219106,1,5.527938775293905,0,1,1,0.2174642048688653,0.42856483978497245,0
0.3686383102227208,1,3.252775637893107,1,0,0,0.33736157863891675,0.26336683017999873,0
0.9746466895597197,0,2.8837768381119986,1,0,1,0.8075563448217385,0.6712247326868099,1
0.7934688971144882,1,3.1561161302872867,1,0,1,0.6196474778500621,0.953155597804215,1
0.2034260187970252,0,2.778936317615484,1,1,1,0.41152389212936713,0.2929799339883088,0
0.41359564423472905,1,0.15254774172971342,1,1,0,0.019907981924364715,0.43932009203037853,0
0.750557386679647,0,3.987206777471794,1,0,1,0.8528859523506886,0.8819327342447094,1
0.778417779766042,0,3.8725925931640086,1,0,1,0.884497189051358,0.6661240874646126,1
0.7518559534981091,0,3.899599121694047,1,0,1,0.8594578310401104,0.9594794843051357,1
0.018086926169422313,1,4.160267084595913,0,1,1,0.018004089851078597,0.08735350213300608,0
0.22121047764427654,0,0.8322764024330958,1,1,1,0.2290331459071253,0.39730103788213234,0
0.8723223252833512,0,2.2916877520998633,1,0,1,0.9376176981586731,0.6619870613553895,1
0.9181566225392375,1,2.4109350881843934,1,0,1,0.7846903563652037,0.7945338969860974,1
0.27827758469333846,0,2.917494554700771,0,1,0,0.09865545590927755,0.1817958047871387,0
0.087043349996968,0,5.1394114886444875,0,1,0,0.0982018101322335,0.4540151769438331,0
0.8704788226060656,0,3.0041860144667893,1,0,1,0.71321282768528,0.9558423385476842,1
0.9923823154341285,0,1.8361087538799485,1,0,1,0.905594270121334,0.6795480883664317,1
0.40874465299453167,0,4.6872061955400905,0,1,1,0.3860508831102213,0.21218941118217977,0
0.8069147633319524,1,2.642695156241625,1,0,1,0.8196366759084561,0.6908386180479889,1
0.8764629413780061,1,3.408890600576146,1,0,1,0.6184101148593509,0.6469845001872749,1
0.06534837393371784,1,1.3917691714270182,1,1,0,0.4558671634325929,0.2481349349165599,0
0.3066619858221936,0,0.637906515428649,1,0,1,0.24077949195433007,0.36552739013738333,0
0.07775315717430259,0,4.3797240771745525,0,1,1,0.10081631633473548,0.3724419739984348,0
0.8592651760359086,1,1.6340496282947385,1,0,1,0.7316006358428606,0.8696977491529645,1
0.22288631385333502,0,3.914745343123534,0,0,0,0.20255401042745952,0.4767249169055449,0
0.7939850634002249,0,2.9686942135288943,1,0,1,0.9988096718065764,0.8313959210385087,1
0.39334580534295405,1,0.09364690114480556,0,1,0,0.4543674979028173,0.1740097290812811,0
0.8912223650018685,1,3.452749100638794,1,0,1,0.7855432562166321,0.6187069590053802,1
0.2267755559047014,1,2.893462342183602,1,1,1,0.24814281917237563,0.3277311379381578,0
0.7715339076640658,1,3.311843270438381,1,0,1,0.6865433200340965,0.8118073472493391,1
0.4719874203196802,0,0.5919305989054588,1,1,0,0.3624424518140001,0.1157233340024778,0
0.21203844227079738,1,3.519590773350294,1,0,0,0.22405246864548167,0.1624763821484096,0
0.3660677118930191,1,2.1698778935495433,1,1,0,0.07276543339353347,0.3972412773725903,0
0.17443709560650178,0,1.7090079604924688,0,1,1,0.4725547984637936,0.2063251168988579,0
0.9591901272072791,1,1.5783136969697429,1,0,1,0.8118915999335068,0.8400763641196098,1
0.8987060747973487,0,1.7523244245069314,1,0,1,0.7138379066134466,0.8996561879589979,1
0.16265290084274692,0,4.5770410351267286,1,0,1,0.10061481740101952,0.121752626434529,0
0.228594319646727,0,4.876246704462075,0,1,0,0.1837443770854248,0.16237077270185035,0
0.8759834157449011,0,3.984392768268629,1,0,1,0.9293314023396072,0.6387406611669751,1
0.7937825986802088,0,3.5250546052180343,1,0,1,0.791040011909348,0.870487405060945,1
0.016763346119872624,1,1.079636280595225,1,0,1,0.0466307824233167,0.07783718922816368,0
0.9291715174144821,1,2.3587425769493295,1,0,1,0.9256835565608782,0.8367844209194029,1
0.8166925833319062,1,3.908475568022986,1,0,1,0.6251770501820916,0.9515310883904894,1
0.9160360197218803,1,3.0210456914141344,1,0,1,0.7378505462609755,0.7496644692539634,1
0.7732271793427731,0,1.4237360446076845,1,0,1,0.9603306209566398,0.8243817257676355,1
0.0667372702072489,0,3.150433444026576,0,1,0,0.13131719450223533,0.20721524851850354,0
0.8016882054410676,0,3.6537345501126457,1,0,1,0.6549450223598241,0.7097375188243755,1
0.44403308727557805,1,4.173395062427325,1,1,0,0.4038290624013564,0.39048000124367477,0
0.9800207306620788,0,1.8097572996115323,1,0,1,0.6140479655818057,0.8697414060411505,1
0.79553238104054,0,2.508400070857475,1,0,1,0.7430208521416263,0.7984744628923918,1
0.06524338041043992,0,0.6049771577486036,1,1,1,0.3677561213623306,0.4456155666013975,0
0.19476326667027283,1,1.8064405401403842,0,1,1,0.038637000486926254,0.240696764492833,0
0.015299282442209683,1,4.167524743265946,0,1,1,0.13587753250569745,0.344833186040435,0
0.2688749781172052,1,1.7147841199616354,1,1,0,0.39434240602079984,0.27241329278895376,0
0.006818310043306686,0,1.9466294802717299,0,1,1,0.4408092253555042,0.08290335011721212,0
0.24944329846943525,0,3.1292182125789516,1,0,0,0.050984089939980215,0.31233030080256485,0
0.09713660304057647,0,1.2682284405824866,0,0,1,0.25391796877331263,0.04035942239872353,0
0.822898609065311,0,3.8478427042960948,1,0,1,0.9615602115586458,0.7372216975894078,1
0.8303194289236859,1,2.3084246732061633,1,0,1,0.7522920916925755,0.9950959871244698,1
0.7991284374991391,0,1.2428253638848106,1,0,1,0.9334813244869402,0.7875796089259459,1
0.7950025848872254,0,2.747543011368663,1,0,1,0.8867376062076067,0.8319009619477513,1
0.8673376334494656,1,1.6926263055647093,1,0,1,0.6110481243346253,0.9927935422445667,1
0.23087903045519176,1,4.063891917701706,1,0,0,0.058288597545677556,0.24117251554630065,0
0.870480601071544,0,2.230027509603716,1,0,1,0.7723248848826803,0.7957854957283239,1
0.06846676698166515,0,1.3580952916071107,1,0,0,0.22756596583672734,0.38046629599573456,0
0.7171474732699527,1,2.4565133125558827,1,0,1,0.6207656415239253,0.8485738649600781,1
0.739640662827909,1,3.382670337992601,1,0,1,0.9722844159124091,0.6867064495545698,1
0.8160393142121601,0,1.5822178738312649,1,0,1,0.7577862612741056,0.715760183328823,1
0.7004451774667556,0,3.357592874082682,1,0,1,0.7960834591205848,0.7869745317212908,1
0.46860489368084224,0,3.20922150270468,1,0,1,0.22867593188102053,0.14885840044147908,0
0.8676693075521278,1,2.0790566993322273,1,0,1,0.7136286773970483,0.647616244746825,1
0.1203712633903537,1,0.975012847680069,0,0,1,0.08236089507900723,0.05870262285560607,0
0.7852892253591843,0,3.3582752836084446,1,0,1,0.8096176784102677,0.7921066660549234,1
0.25754984046748786,0,3.0218674663997795,1,0,1,0.4097665650002216,0.2589461695979207,0
0.1058040412671612,1,3.768229567469901,0,0,1,0.3642459491886736,0.46170654692727137,0
0.9163187345136118,0,3.2239446350033605,1,0,1,0.7680711926158718,0.6823495941691896,1
0.9279699567285324,1,2.6985736409404697,1,0,1,0.6524195099256708,0.9103480059500022,1
0.9639724622226185,0,2.7203877915767816,1,0,1,0.7314494073524435,0.7285439259921971,1
0.41363136554857405,1,1.6010866103362325,1,1,1,0.11344276258910613,0.2728166651796543,0
0.39791049272744566,0,2.816744691914205,1,0,1,0.2837901193757919,0.004673301140874553,0
0.8671390302141835,0,3.340601222651448,1,0,1,0.6424843496105698,0.9707279445415897,1
0.7668651987720873,1,3.7605264512908394,1,0,1,0.7614840967010259,0.8855082445266842,1
0.9987572222266603,0,3.2162127327647507,1,0,1,0.9225616007911296,0.7404605683431782,1
0.8569019784194785,1,2.0989349258866477,1,0,1,0.9771822094410747,0.8265333499015812,1
0.8737798281011043,0,1.543020166189156,1,0,1,0.8827673489846832,0.6572736709714021,1
0.9800460893315364,1,3.885055822878327,1,0,1,0.6066149729021254,0.822998564463407,1
0.9259043991964291,1,3.408319764150981,1,0,1,0.9024758513164175,0.9049873301275884,1
0.8065799398220368,1,3.5757985462951143,1,0,1,0.7287176362323268,0.8966848467803641,1
0.27213444207844045,1,2.0022277304124616,1,1,1,0.3663511308921263,0.015103402087869922,0
0.8135600810018195,1,1.8255487701854425,1,0,1,0.7277866206605165,0.8764895285379731,1
0.3105980236470836,1,2.254217109416862,0,1,0,0.3687214222679825,0.38731611385665005,0
0.7953362780319408,1,3.91335775959031,1,0,1,0.7923966066744441,0.7285659020711628,1
0.9702283806945191,1,2.02327911364778,1,0,1,0.8522423860198687,0.9106263679956474,1
0.7201730589746038,1,3.3054728147161074,1,0,1,0.8510739860269012,0.6054133627791302,1
0.14476588943279894,1,1.1611991592586974,1,0,0,0.15085408569151926,0.42871559060876446,0
0.760619971327992,1,1.9353647177471849,1,0,1,0.7686815356025504,0.9209842602324377,1
0.9353417860481134,0,1.2715912437853385,1,0,1,0.6248316702600245,0.816071415034655,1
0.15091919658552566,1,0.7250718374666314,0,1,0,0.49030448934748305,0.14797576851949107,0
0.29165204408332307,1,4.817739783388276,1,1,0,0.05263052789958639,0.2605596905692864,0
0.7779413222917161,0,2.5703616258450994,1,0,1,0.872130956641664,0.6637198049953709,1
0.7138541171749246,0,1.9135210058961767,1,0,1,0.6382698868229066,0.8820332264884678,1
0.7893134309295834,1,3.6386068761898844,1,0,1,0.922051029320641,0.6976169889331257,1
0.9435671006809877,1,2.491546249318951,1,0,1,0.8368630863669888,0.685065424283756,1
0.9740129628697363,1,1.3831018907526405,1,0,1,0.7927367376905781,0.7954002451434398,1
0.77960373706508,1,2.4305413198815713,1,0,1,0.662719991421221,0.6263251604119872,1
0.7352813897694965,1,2.59285415599134,1,0,1,0.6912682729824063,0.8330021477570554,1
0.9494074578780084,0,1.2113073083826724,1,0,1,0.900607459888698,0.8507393397590487,1
0.18035511958668848,0,1.2525876276388483,1,0,0,0.32491241908788626,0.25484328601072176,0
0.09817665637867712,0,4.065585596170896,1,0,1,0.38317429847603984,0.2758084903425385,0
0.41872426956424025,0,0.954756379006714,1,1,0,0.02887957006969899,0.32936572921867197,0
0.706996537027406,1,1.2615210588028618,1,0,1,0.8342606518206052,0.786741742032128,1
0.9435973264812827,1,1.6871418596535461,1,0,1,0.971071241036219,0.9939014663117001,1
0.08034272371475015,0,4.1368922600255065,0,1,1,0.1944631450865162,0.16452335398385576,0
0.8427081880322267,0,3.6758287708546513,1,0,1,0.9690778301658144,0.8587282969097708,1
0.8225705289125278,1,2.8331661920236866,1,0,1,0.7647034614022516,0.9083637201686137,1
0.9600153258338885,1,1.7935971632564143,1,0,1,0.9158871329752256,0.8073286251140572,1
0.9622645762155495,0,2.388660248192268,1,0,1,0.9851130808712432,0.806524010306839,1
0.9837025926741383,1,1.9037496082615708,1,0,1,0.9924551917216021,0.8196443549579289,1
0.4174042079812632,1,1.4197098062193634,0,0,1,0.2744997032818836,0.2124619773083946,0
0.35711274282299477,1,3.5008887535026565,0,0,1,0.20651681589980425,0.23344801658647252,0
0.8543140545563086,1,3.2399275847920093,1,0,1,0.6294527676589464,0.8016252704567841,1
0.3301677980186589,0,2.4180467495909284,0,1,0,0.1192757749843234,0.26058796470678386,0
0.1077087430498897,1,0.04724073404461615,0,0,0,0.11522903352460317,0.1900909637007573,0
0.14556254337317365,1,0.9730636127627448,1,0,1,0.16006765778207543,0.3219029953661059,0
0.36129802702301467,1,1.2422591943603158,0,0,1,0.005759607070497275,0.23862212526793902,0
0.22664508371126996,0,1.1104814136196242,0,0,1,0.3156152341633272,0.17848603268544372,0
0.9584544167762896,0,1.0556001999863613,1,0,1,0.7643718904179837,0.9392464398843176,1
0.05484622017531127,0,3.9489707574764203,0,1,1,0.13625351119921497,0.46210383542889727,0
0.7684345069155624,0,1.566979606010909,1,0,1,0.7090873735967202,0.9621063487106637,1
0.8546615794601251,1,1.5368356843118562,1,0,1,0.8742183073240906,0.6400258388613375,1
0.8420987416238344,1,3.9135415268213247,1,0,1,0.8879884615437679,0.8404573161002109,1
0.7615226648485771,1,2.664862017201866,1,0,1,0.8149169771942285,0.6681800077792707,1
0.1790899573551144,0,4.087315237160765,1,1,1,0.21804827042231623,0.2880620261330636,0
0.8177631441990063,0,3.326553455961808,1,0,1,0.6867399269286752,0.9264130372842146,1
0.8271940549886506,0,2.1084293565758747,1,0,1,0.7632026379399993,0.6408620727878505,1
0.2429202290778733,1,5.140353323059202,0,0,1,0.22764368923984635,0.40619963701862455,0
0.8057553541091578,1,2.108992293978353,1,0,1,0.8058048256578811,0.8169162383928505,1
0.0466589358542468,0,2.1896503542576484,1,0,0,0.42795489520267405,0.20787635097485835,0
0.9445189947052153,1,2.4951989968410007,1,0,1,0.9169310161189062,0.7985750375094928,1
0.1573012790759974,0,5.151396744943746,1,1,1,0.46892691004657217,0.44330648730844574,0
0.4225764510364563,1,3.6072345424585013,0,0,0,0.333950612303697,0.39552867014296683,0
0.035070713528872255,1,4.727082895811537,1,0,1,0.01199360208104383,0.3161497589457958,0
0.9954508183382986,1,3.1612296297970905,1,0,1,0.8275711748817729,0.7684586673156701,1
0.1631442053620623,0,3.1627483667544007,1,0,0,0.002580315281085155,0.3168030050683095,0
0.7856803669300139,1,3.06616858631704,1,0,1,0.9553126587536013,0.6433339454597292,1
0.8254384034795098,0,1.9446787703867099,1,0,1,0.6993696674607486,0.8898482848963287,1
0.09866634511695033,1,2.7935515873262595,1,1,0,0.092718246740085,0.3313247754761965,0
0.9279916497619649,1,3.359467224745539,1,0,1,0.7717308614690087,0.804850908211828,1
0.30952946290387096,1,5.7870350518071625,0,1,0,0.0390525379244378,0.14752998602998013,0
0.34577085838650023,0,3.218576098195534,0,1,1,0.15976994045273046,0.17913182916812248,0
0.24048373710183557,0,2.448338473071196,0,1,0,0.007408280709536974,0.44833318602058697,0
0.9591038892256538,1,2.589513588435653,1,0,1,0.940046566489219,0.9984325306934563,1
0.37084634437974434,1,1.512402353240551,1,0,0,0.3735821641009585,0.3606846770263869,0
0.800595264671439,1,2.2264720201006343,1,0,1,0.9886494149329063,0.8274920432212689,1
0.45575489889206305,1,1.9574409275398068,0,0,0,0.23412697235260488,0.49658796471165806,0
0.020798606839015965,1,5.759762528545837,0,1,1,0.49389338047940956,0.43209440894090717,0
0.40586699687225014,1,2.8228744067357354,1,0,1,0.3934394872696702,0.04064765686885452,0
0.2896590600031239,0,5.543937754393037,1,1,0,0.43237182587954115,0.19565985726470542,0
0.3849181918077165,1,0.9937488090632476,1,0,0,0.10624423614522899,0.15137547966919007,0
0.03420415218995304,0,4.8803484067531535,1,0,0,0.39181658318231755,0.02211141961000912,0
0.4717012580468465,0,1.785027526095403,0,1,0,0.37083176110448984,0.02805519411341245,0
0.40802492644302385,0,0.7912772426095207,0,0,0,0.054363530165200236,0.45542106664363985,0
0.9516219413842385,1,1.251366581576319,1,0,1,0.7587317204582078,0.6779349747421504,1
0.8184919936317016,1,3.732544028104993,1,0,1,0.7493717915400124,0.7164940684379084,1
0.8237187305503867,1,1.6234255887137476,1,0,1,0.9975841014082798,0.7020701919241669,1
0.25973589412514836,1,0.9802860040788179,1,0,0,0.14299548149422447,0.03236816120299435,0
0.8348520855477547,0,1.5846677330758991,1,0,1,0.6975243302908583,0.7004094117157413,1
0.35887512352971934,0,4.4630300630384845,0,1,0,0.2012747689581224,0.3400829548905948,0
0.8203286179889564,0,2.4558599682143356,1,0,1,0.7558285705192438,0.6581332323927526,1
0.2583172884253943,0,4.8513149417914265,1,0,1,0.3676247830766059,0.049405460066953344,0
0.8747645615052492,0,1.1164545645570896,1,0,1,0.9204376750937395,0.6687945973607793,1
0.050290570917041366,0,4.5907856783966645,0,1,1,0.14064415093018395,0.38966003128980103,0
0.49950289023016864,1,4.007483550919635,0,0,0,0.41496772178064173,0.48138742739158913,0
0.16233744601640387,1,2.8249308339936174,1,1,1,0.08358520853720686,0.06054894954815626,0
0.11647841867262204,0,0.043437871235979086,1,1,1,0.19234360504268067,0.02283003353957358,0
0.03699213242931981,1,3.082777579421796,1,0,0,0.48436657762133406,0.4973389296306789,0
0.889022332772523,1,3.6410167986683897,1,0,1,0.9226892020912781,0.9511259805338987,1
0.04253371976149517,1,0.8190162380226922,0,0,1,0.3701497516475255,0.3482081117976596,0
0.7551223611612677,1,2.2944982190912553,1,0,1,0.6764187834066023,0.8388106675277617,1
0.7102313841468961,1,1.3096662843055988,1,0,1,0.85999059429799,0.9253067681732268,1
0.4412549236191747,0,3.195194145377739,1,1,0,0.3184874870167819,0.3757396939012999,0
0.05454937831077972,0,0.8667269550564167,0,0,0,0.47539067014611375,0.04399596437561759,0
0.7366988236492974,1,1.0240554251892569,1,0,1,0.7894198009430964,0.8172305566344652,1
0.09876086044325488,0,5.437045962261987,1,0,0,0.23263107558214108,0.04392076318422866,0
0.3106694739277105,0,4.497335146695159,1,1,0,0.08419090138261287,0.22061996858152555,0
0.37428450251920414,1,0.5255381041979637,1,1,0,0.45963912079231584,0.19818001675571656,0
0.8495532931430221,1,3.6666757135691848,1,0,1,0.8736189449438954,0.9929297768848697,1
0.4422906645399446,1,1.3746703219271472,1,1,0,0.015190225765119969,0.4951696087887155,0
0.39202032519894514,1,2.4023558747284177,0,0,1,0.4530752500955849,0.4287482295539194,0
0.19051241903507826,1,5.414969057197254,0,0,1,0.001633593516237819,0.33064726721153875,0
0.8135365963997727,1,2.8398492462714673,1,0,1,0.6601346531395579,0.6597867080119636,1
0.42055075227435096,0,5.844797117729099,1,1,1,0.2417998541033604,0.008665142773970902,0
0.2869292861810532,0,4.109310987189195,1,1,1,0.028917929890563243,0.3312309074429258,0
0.9357815049141869,0,1.4031725614988877,1,0,1,0.6835192225304454,0.9597960125963333,1
0.32610778787492495,0,2.4287840325618273,0,0,0,0.1702510065340535,0.44513075859274887,0
0.9694085838221083,1,1.150104119374621,1,0,1,0.6234322493416528,0.8759857963319961,1
0.0029854697032778432,1,4.1141899305037,1,1,1,0.430489598498452,0.4347622722297868,0
0.9043232194083635,1,2.1190642846345358,1,0,1,0.9564681337649984,0.6755199030516299,1
0.08886682102560634,0,3.820205732009513,1,0,1,0.4620007255929746,0.19957231614418636,0
0.23450649557744213,1,5.302697241333343,1,1,0,0.3648488090864169,0.08863562749606946,0
0.1790135309532378,1,3.1975334751912268,1,1,1,0.005297194746218037,0.4817163049569163,0
0.7197085084433381,0,1.9354501049318422,1,0,1,0.9663515718023344,0.6401495346049102,1
0.1337840323805693,1,1.6753069700584085,1,0,0,0.0038720949209463673,0.49638314135363654,0
0.8726760306522487,0,3.012392366558818,1,0,1,0.8670532765075825,0.652469540340208,1
0.12948130195708957,1,2.1745811196243645,0,1,1,0.3951291511885555,0.05659461215224432,0
0.1506800678915629,0,2.0546668942198596,0,0,1,0.030680789719294832,0.1557037642676911,0
0.760859106893117,0,2.391378427506052,1,0,1,0.893989925780142,0.9661290132112526,1
0.38747735638799397,0,2.4253638922829426,0,1,1,0.23109694644753226,0.3869443544903576,0
0.43051595460092174,0,0.9893473151078727,0,1,0,0.11367885218786522,0.09602491900804083,0
0.9153210336738812,0,2.007437593348213,1,0,1,0.7344461705791765,0.8530710623037007,1
0.9411427024363925,1,1.954341766589491,1,0,1,0.9648206414859065,0.911761733200646,1
0.3554961086571128,1,1.6183281289928972,0,1,0,0.11094518474330423,0.45673650657968007,0
0.16863018864514806,0,5.872264696498567,0,1,0,0.2200932612605484,0.07052823259575974,0
0.031206398346288522,1,0.9436744727836126,1,0,1,0.010934566779425559,0.0013604779184047122,0
0.9795922892893505,0,2.60867486119401,1,0,1,0.8713406772262332,0.768546146448114,1
0.4183378182895114,1,0.9454737684495753,0,1,1,0.2558837939550802,0.27713166628198294,0
0.0457303349683682,1,5.034940116651717,0,0,1,0.24362253336927164,0.3548434970044619,0
0.06300104001431456,0,5.351082860555464,1,1,1,0.2887266677937499,0.06602579828438221,0
0.3586059940610627,0,1.1361769507889363,0,0,1,0.20898706652964277,0.1688967607385164,0
0.9626202471967509,1,2.2475700184493896,1,0,1,0.899811702105821,0.7570333154052361,1
0.8896253916755563,0,1.7610919187339131,1,0,1,0.9285747172645644,0.7766153810115054,1
0.18494367251409682,1,1.7493971897747553,1,1,0,0.06135833666954621,0.35262686018431044,0
0.8195362535262871,1,1.6850407187725973,1,0,1,0.8459086743035631,0.8210619516101817,1
0.3396509659553687,1,0.024735991869583307,0,0,1,0.25507173194961646,0.042131052604855446,0
0.7225455809839664,0,2.2227400803322532,1,0,1,0.8092771417706413,0.9673896820875222,1
0.838058429828124,0,3.5668860308585635,1,0,1,0.775691948042963,0.7780184517268377,1
0.050211599225299386,1,4.5792384095532634,1,0,0,0.02765985114348163,0.03764804791484394,0
0.977060893963346,1,3.4994220371219162,1,0,1,0.8055642422837243,0.9398956138083849,1
0.3062662220691245,1,4.649320028980199,1,1,0,0.0194183231486299,0.12874583809870482,0
0.07781345350377006,1,5.0859383615613485,1,0,1,0.4244084921782663,0.1169252167224592,0
0.7355464507885764,0,3.1845607995201157,1,0,1,0.6123882591359808,0.8558623603629416,1
0.4148080031644083,1,0.16707964060909108,0,1,0,0.1509479969185169,0.31923330136954936,0
0.8132051347941402,0,2.1755610845124664,1,0,1,0.9052399747880606,0.7368765453248822,1
0.7537350822836841,0,2.0682136749425455,1,0,1,0.9620572442765127,0.8602847778437319,1
0.004612117924321868,0,3.665825992791904,0,1,1,0.46914108944884364,0.16850225752162895,0
0.9929167848376496,1,1.8818432430030145,1,0,1,0.6414777081359508,0.9231819073869678,1
0.23424235670257776,1,4.644975767978568,0,0,1,0.38385205959559515,0.30388176595861627,0
0.7398815735149189,1,1.5554785808506746,1,0,1,0.6975588263798123,0.6226880781074638,1
0.7511578239327501,1,1.8229027382738723,1,0,1,0.6887386901124819,0.960761657565837,1
0.4376759702392654,1,3.968838711700164,0,1,1,0.3614008825227694,0.1032213313193634,0
0.7986237656518798,1,2.5115326637372104,1,0,1,0.9087172756493443,0.9245884184034545,1
0.9252179827555188,1,2.0772048731536987,1,0,1,0.9929691953729378,0.902797719772839,1
0.19011085644858583,0,0.8980469155875979,0,0,1,0.06033127049463599,0.3957218832122908,0
0.8507167557212786,0,1.1182082470154047,1,0,1,0.6012362012366629,0.9636759898807953,1
0.21815922377502855,0,1.711194368566859,1,0,0,0.3581985446839064,0.463887116118325,0
0.1548358450312297,1,0.37991570601618907,1,0,0,0.1399584073303637,0.15459796323720576,0
0.1653698316570118,0,1.4914579219871416,1,1,1,0.3582886321272563,0.2779981719815343,0
0.77411150239873,1,3.3465715078297893,1,0,1,0.7913521399403812,0.9268660779522255,1
0.9342439838003148,1,1.065782306767465,1,0,1,0.8700993898401841,0.7300640883272789,1
0.7406429920366079,0,2.2872397303241763,1,0,1,0.9798119201937004,0.8090564391162423,1
0.07487840924891487,1,2.6370706748354853,1,1,1,0.29499339207155834,0.23779474684996282,0
0.95583577859636,1,1.3493719750586122,1,0,1,0.7808286612273048,0.7714733607542797,1
0.0660656986110345,1,3.8339682017415253,0,0,1,0.0600735553424962,0.25395831124753293,0
0.9332931831637991,1,2.078548246464524,1,0,1,0.8593255079846303,0.9195834717557139,1
0.7496473829285325,0,3.426203107266505,1,0,1,0.9864947797950084,0.8263289246208323,1
0.2627241011074451,0,4.386982944627877,1,1,0,0.19242406014589203,0.02804107851021087,0
0.47014961675426936,1,5.710426188271409,1,1,1,0.47559212055508976,0.17125737872446106,0
0.08658131555205739,0,0.2869906921931398,0,0,1,0.1373436611101267,0.4965716031189953,0
0.4582973966426758,0,2.9289701188190467,1,1,1,0.33168001129454716,0.20206629639474755,0
0.4568760236030733,0,3.0457535108755547,1,0,1,0.37156843594516364,0.1671597549799665,0
0.8368411958842561,0,3.208210387192054,1,0,1,0.7652047492248716,0.6210198957457739,1
0.03914694059643814,0,2.035990281047774,0,0,0,0.018210831883987755,0.4733307517357445,0
0.8486487660689171,1,3.571256423033176,1,0,1,0.713493758302608,0.8815478535943106,1
0.744218384177795,0,1.3159258602738342,1,0,1,0.7698302351866878,0.8612857092708437,1
0.7089879333996845,1,1.5598122562090746,1,0,1,0.7531684703112121,0.815948272214315,1
0.15174592330866604,1,0.9032784673734353,1,0,0,0.4273129262702985,0.4454996050780358,0
0.0570974741919828,0,5.536731891443949,0,1,0,0.034524100718915596,0.2436734123133057,0
0.3695123955270904,0,3.391461115078099,1,0,0,0.14990283926051873,0.22127230790506702,0
0.9231605175485713,1,2.6802078483145957,1,0,1,0.9068748890657836,0.9798478373000018,1
0.01161351585218967,1,0.3453431620952112,1,0,1,0.48036154403122305,0.47605491027727553,0
0.07746897385322893,0,0.29572271892250535,0,0,1,0.42398134523323044,0.46330936359102776,0
0.8987401890743689,1,3.0149027940976842,1,0,1,0.9975928541234733,0.7999336268713653,1
0.999014764028846,0,3.1119381233117798,1,0,1,0.6025650760020781,0.9113668735365477,1
0.9068535356175684,1,1.2949704734564174,1,0,1,0.6641895782302615,0.8317620976585285,1
0.4849818310439957,1,4.665762212695982,1,0,0,0.3545744773425064,0.2285282703758908,0
0.23022193993164236,1,3.728590996726533,0,1,0,0.13865569338344247,0.45832477967241303,0
0.14021369834131647,1,2.3599909091543982,0,1,0,0.08961152059271571,0.09704379821709985,0
0.2752441304461118,0,2.4314168974081967,1,0,0,0.47714923363724204,0.2558087358328137,0
0.41085148469178906,1,4.666076315602226,0,1,0,0.19552133966744295,0.4678763590353082,0
0.8365323417549053,0,3.2630567692526498,1,0,1,0.6088802484971095,0.7368219063289891,1
0.19391158687279925,0,4.182117215227063,1,0,1,0.46067549000080216,0.1682178246234859,0
0.43757585340709093,0,1.9371374227019804,0,1,1,0.49226755428879,0.10780487486341966,0
0.7684170475522113,1,1.7354314783988098,1,0,1,0.790070369538787,0.8200778418402632,1
0.9714641688777641,0,2.8132458536899576,1,0,1,0.8641796376601567,0.7361646447439327,1
0.7802249926755221,0,2.2343898685145946,1,0,1,0.7648694205399433,0.6773564722679367,1
0.34420931900157226,1,1.0549277457000938,1,0,1,0.12731047331199796,0.30799419947941764,0
0.07256175052685049,1,3.957163563790316,1,1,0,0.058644585571711205,0.12629190373174626,0
0.3498161065911264,1,0.4239419261518149,0,0,0,0.3451768397454613,0.43406568175933463,0
0.8418364952848331,0,3.4397424300354578,1,0,1,0.6976735843719155,0.7020936065603391,1
0.0008884427062113565,0,4.99668059530177,1,1,0,0.03526081770561268,0.09872405841988435,0
0.9325983446023237,1,2.4952367547692758,1,0,1,0.8964508723689821,0.9500881221420503,1
0.10992213623417357,0,0.0049189850736532925,0,1,1,0.012726404067861796,0.47343859011762623,0
0.7532746036542177,0,1.4211166401795197,1,0,1,0.7274243320004639,0.8673728212862147,1
0.959892830753413,1,1.949197172029082,1,0,1,0.6252631025252551,0.8171535798015273,1
0.20101678676642765,1,2.4153896895809592,1,1,0,0.3471886260484097,0.410959844890558,0
0.7875233377610886,1,1.0992911966399959,1,0,1,0.8948413944249975,0.8277803972311385,1
0.8404192762831919,0,1.1787343020629784,1,0,1,0.6883350046876737,0.9843571531098212,1
0.4300934206457198,1,2.3790865367098397,0,1,0,0.044012654598950984,0.1707426127679572,0
0.1924095047760941,0,1.6155721946715669,1,0,0,0.46192765923510953,0.2813575479861315,0
0.8323095457812971,0,2.7979242502582222,1,0,1,0.9832947380689858,0.6508634569645276,1
0.8083232444895541,0,1.4788118319175645,1,0,1,0.6715158204773136,0.6101568420434785,1
0.7434231256826371,0,2.3797478860570056,1,0,1,0.678755765874296,0.8024652673296012,1
0.9763972390624984,1,1.3814433004154059,1,0,1,0.8856810227880698,0.6713532876601116,1
0.1343478983195604,0,5.062175520045229,0,1,1,0.37094722506278704,0.05704367356696771,0
0.9766699915372147,0,1.7210219735218872,1,0,1,0.8092547880768381,0.9922234197058698,1
0.934238251783341,1,3.752931439315314,1,0,1,0.8281835886608271,0.6889527816228447,1
0.936115950284488,1,1.5611396824250696,1,0,1,0.9450581834196231,0.7656023951888826,1
0.7012891720144289,1,1.3069924512536615,1,0,1,0.7590353446724247,0.8688823515234021,1
0.7523106010274547,0,1.4140104585119035,1,0,1,0.7011618577871209,0.9645319727603258,1
0.7393012747879514,1,1.5307387001359947,1,0,1,0.7470018180899549,0.9855676098168324,1
0.2678606259162039,0,1.407032181214588,1,1,1,0.38984075107985716,0.18305953810450426,0
0.15611988795618154,0,0.2772564273153477,1,1,1,0.47979653886510587,0.28824669429937183,0
0.16028307921752327,0,2.96974827983413,1,1,0,0.41308445953236267,0.21671470915990687,0
0.7985698082289816,0,2.475389653225761,1,0,1,0.627788705126575,0.835823262963597,1
0.9414061661050293,0,3.831779293495723,1,0,1,0.7290851567394891,0.8200952642978225,1
0.8689404613147877,1,1.9657230157256813,1,0,1,0.7511639236358498,0.6130417045368791,1
0.4379913528572746,0,0.3423327094828059,0,0,1,0.4746990942127022,0.20613522829641223,0
0.9060328592977253,1,2.3172351915936087,1,0,1,0.6694121909035701,0.9937997049906351,1
0.788535718263768,0,1.4415172008918102,1,0,1,0.9774502145196988,0.9124007099253733,1
0.4450399894891274,1,1.8404642679613012,0,1,1,0.3932915007075618,0.33169877809404896,0
0.1314990933359374,0,1.4474107286383222,0,0,0,0.42618224153658624,0.4205533369000063,0
0.43298627206698426,0,2.9210554418186367,1,1,1,0.3730831989754302,0.021617061189680264,0
0.8924027633224049,0,1.0562231245218932,1,0,1,0.7993479338907437,0.7600485522520593,1
0.19503259617414415,1,4.594560917688193,0,1,0,0.24595649576689194,0.018260392070846898,0
0.7133765926092873,1,2.36728073436919,1,0,1,0.7423393694085002,0.7032106892119167,1
0.10921613024668364,1,0.0259222234576586,1,0,0,0.4078803003419682,0.4400232017705049,0
0.0015663162425678667,1,0.3713132430987547,1,0,1,0.27510247783140707,0.3125527663053491,0
0.8940348594945066,0,2.6345381505505383,1,0,1,0.689801212118621,0.9189716393363915,1
0.40911590471929404,1,1.176114779637676,0,0,0,0.09669016787692891,0.42981394579698706,0
0.9892291482068056,1,3.5386499392756487,1,0,1,0.9111627322973903,0.7384886985514852,1
0.9198352099259998,0,2.3705591657446763,1,0,1,0.7681310901856413,0.830743197760063,1
0.8426467448812669,1,3.001298143812957,1,0,1,0.7194686485378692,0.8492349496274936,1
0.7398396716694069,1,3.900601846903075,1,0,1,0.9347366388091498,0.97243593985085,1
0.3031457113845703,1,5.099686050575204,1,1,0,0.13724650479043632,0.06336129095456894,0
0.1521463191493328,1,2.5974114695732204,0,1,1,0.21427699281992402,0.03098123084112797,0
0.35818282010448027,1,2.25258706645622,1,1,1,0.377159847474176,0.17243982163116395,0
0.10029785670999536,1,2.657653661033152,1,0,0,0.06555119455998082,0.0494058914933736,0
0.8358111266367506,0,1.313311119714765,1,0,1,0.9709226204177246,0.6905884664102784,1
0.17756040917029964,0,2.1774449581560194,0,1,1,0.264207115111478,0.08239780348469145,0
0.46044146489641696,1,2.5662730687771385,0,0,0,0.49274063289775605,0.41717108377881895,0
0.14151436408890966,0,1.5060889692701325,0,0,0,0.19409873940894817,0.025187353728915063,0
0.7873408766151156,0,2.781859296643092,1,0,1,0.8141684407836498,0.9351757752196465,1
0.3695642579357419,1,3.5038455800760873,0,0,0,0.3049602815215936,0.32630937101846585,0
0.8975131992791955,0,2.182952481467797,1,0,1,0.9380489197579713,0.8955458424948277,1
0.7473116753184066,1,1.078685073219405,1,0,1,0.8266148598338435,0.7053921944471493,1
0.8118166874718987,1,1.0104404868651333,1,0,1,0.7782477914787885,0.694416835362534,1
0.7815303918612255,1,1.0726183822862683,1,0,1,0.9714926372296773,0.725233954621695,1
0.9217432336264326,0,2.5957462923949954,1,0,1,0.9434289877444904,0.7832035412101833,1
0.43216179049865133,1,0.20955015940046473,1,1,0,0.48183938800274045,0.3703152302021045,0
0.28560465270289453,1,2.064175317705713,1,0,1,0.08991285634778623,0.3714521170784603,0
0.05866470925996381,1,2.1207255773096616,1,0,1,0.38933236722820164,0.05636414678739643,0
0.003340449333066098,0,2.2156021695739128,1,0,1,0.486129475671587,0.0053745447623071985,0
0.7377032247164736,0,3.359578950162211,1,0,1,0.9446366117221003,0.675863555510954,1
0.841797731215409,0,2.106882701233245,1,0,1,0.9891208625621398,0.7292924576980334,1
0.830054891008808,1,2.348460000091338,1,0,1,0.7536722077596539,0.6719852811861012,1
0.8672608996200551,1,3.8471839532427303,1,0,1,0.704167092428462,0.914094614321337,1
0.8377560103400332,1,1.232212561614972,1,0,1,0.7637301806078283,0.7347035700418736,1
0.7766488797677538,1,3.8511937646239867,1,0,1,0.8392681927749122,0.7395184272100633,1
0.3511029075894751,1,5.87111665532155,0,1,1,0.14483355768446993,0.07458989505288094,0
0.7662265516815722,0,3.708388047737753,1,0,1,0.7623146888899521,0.9149016470511901,1
0.8886022662971693,1,3.781928377527059,1,0,1,0.8188317144923946,0.8866718155160404,1
0.8349098097307635,0,1.8815926349907648,1,0,1,0.8936552097334964,0.9925793450659921,1
0.7689642775475689,0,2.8177510001866812,1,0,1,0.6071493849882198,0.7144742789917861,1
0.07306383055998977,0,3.672381470426414,0,1,0,0.26576134657021233,0.4442535833090762,0
0.9284450099046596,0,1.7878731002949177,1,0,1,0.7896081317605083,0.8896757740026204,1
0.39087557193425787,1,2.839162788397152,0,1,0,0.20773388125994696,0.4935219869201454,0
0.48416761375853723,1,0.6393247451423527,1,0,1,0.43702136015442544,0.42144619562719443,0
0.873892504498031,0,3.1574106660704406,1,0,1,0.884383140246843,0.9183930056795757,1
0.7397604590738784,0,2.7599358855707825,1,0,1,0.8708863283420489,0.8846245726039779,1
0.2589781235427596,1,2.6125193383995793,1,1,1,0.2928762990499044,0.09202281178154326,0
0.9026804559323046,1,3.74748585464977,1,0,1,0.9351156385293308,0.6246762024369267,1
0.30630572061637107,0,4.137464408291823,1,0,1,0.0734417749809465,0.3427307638434848,0
0.9996158465478209,1,3.1903965912451935,1,0,1,0.723308916769182,0.6954511936428553,1
0.3573235041768451,1,4.241232673498061,1,0,1,0.24769842199229747,0.40766021221854737,0
0.33728398921864117,0,0.5433627206068063,1,0,0,0.42158757607625064,0.48403535953370785,0
0.8293055126290532,0,1.7416806267806741,1,0,1,0.7549535907611469,0.9074594772113939,1
0.06888776524726864,1,5.5856280580290765,1,1,1,0.21807336256905063,0.3145519319089623,0
0.11023624528061671,1,2.166229190274797,1,0,0,0.23207492250802414,0.15756319287662562,0
0.3828632182241577,1,2.607061493284108,0,1,1,0.4567389552113044,0.10848583971733972,0
0.8613029298324231,1,1.5605243023688753,1,0,1,0.9177253411370041,0.9096256249565606,1
0.7787376142140731,0,3.3877050626793586,1,0,1,0.7096718252942158,0.8275834268017189,1
0.4630092316591526,0,5.206061139929503,1,1,0,0.44292639166589964,0.043485806830420914,0
0.9065449044544075,1,3.4111940797183777,1,0,1,0.9932736644468951,0.8219158994688276,1
0.11047711557834577,0,4.720422329249449,0,0,0,0.09885069071767472,0.10149381051358752,0
0.39743034210539535,1,1.6936689560329423,1,0,1,0.42389119851694607,0.19372294918402394,0
0.017793207935032196,0,1.496452575926808,1,0,0,0.3670800467366309,0.14475666184155778,0
0.7965836595629439,0,3.671135249834156,1,0,1,0.9948159883646341,0.7344536904071918,1
0.10858160500492692,0,0.6073197354590807,1,1,0,0.2541622969482609,0.43453241716795526,0
0.3198632668756351,1,1.0136605592325336,0,0,0,0.07031249659197653,0.18017162953877264,0
0.3970430569536703,0,3.1559657550696025,0,0,0,0.2888557162543804,0.264228390525104,0
0.32696811757739636,1,2.243774715768806,1,0,1,0.16764244035890397,0.23186677909213355,0
0.4761684915465212,0,1.7073396139937818,1,0,0,0.10690609827120695,0.31527076059178333,0
0.9784690584716838,1,1.3181924153875848,1,0,1,0.9107830227979773,0.7129547964770575,1
0.9477721827565649,1,1.5381214163841523,1,0,1,0.9202652585261547,0.9102680780863395,1
0.7432223399938765,0,3.495463055961527,1,0,1,0.6460375442208653,0.7851022014552408,1
0.026336780593800735,1,2.066411469701373,1,1,0,0.485801917691087,0.3354512199750604,0
0.7590328423378123,1,1.337065672261503,1,0,1,0.7948295931100836,0.9364789364964841,1
0.08414671175472599,1,5.663834165146409,0,0,0,0.08844773009059059,0.03573050507369968,0
0.9326632745740485,0,1.5282500294794656,1,0,1,0.8241231095263695,0.6290010175620059,1
0.7542259297005586,0,3.573891507472619,1,0,1,0.6571334081668593,0.8167896847398164,1
0.39660486538488493,0,0.24409260697178747,1,1,0,0.44407900486680096,0.4885949291676874,0
0.7239224862792233,1,2.712265804902818,1,0,1,0.8975812730616466,0.9467353426197306,1
0.8925280298490476,1,2.0736669414861812,1,0,1,0.7818833942603922,0.7465094985081637,1
0.31062294834759757,1,4.384412301579747,0,1,0,0.19177194677007509,0.042184645281833744,0
0.7736371839978161,0,2.2667603632045363,1,0,1,0.782270573879081,0.8972832551560096,1
0.2855942800564247,1,2.257105320794391,0,1,1,0.32772119455892984,0.16949335482755556,0
0.051495623384659295,1,1.0329950225338336,1,0,1,0.23135840612531816,0.36301804784600783,0
0.9259210506889353,1,1.611256787641691,1,0,1,0.9258437181060359,0.9035347677321339,1
0.33294922042253594,0,2.797338052641808,1,0,0,0.18269328880022323,0.4047771310358082,0
0.9476666927491968,1,3.9725437244900794,1,0,1,0.8978838946694763,0.6407058969412309,1
0.4460311205031513,0,5.3783273609197835,1,1,1,0.2753886008224072,0.1515250347729749,0
0.03427484380209922,1,3.641162300971004,1,0,0,0.17401107517227576,0.3670659752775357,0
0.0769614297411913,0,0.5479858815890266,0,0,1,0.2768350171651392,0.20567367383923502,0
0.20287288128517456,1,3.89919295871629,1,0,1,0.2992978435085886,0.20904079656711755,0
0.9289781959989889,0,2.5838919715800714,1,0,1,0.7578168975586378,0.8363260499851157,1
0.8296525558836206,1,2.387707015745926,1,0,1,0.9783525497745205,0.8745438397545255,1
0.18668250583568285,0,1.068122847908301,1,0,0,0.2062021965725771,0.30738677203514825,0
0.18408187759067512,0,2.384892745371025,1,1,1,0.07756637910067893,0.06106106863310695,0
0.9248639646211123,0,2.5899833298997152,1,0,1,0.8373176991253801,0.9761358781627403,1
0.22672279290340852,1,3.6696582356361023,0,0,0,0.05769692844146834,0.4224628391360661,0
0.0463334013059129,1,1.1139106840745276,0,1,0,0.21040720697907694,0.011494724365041953,0
0.8318294875250192,0,2.159751468484944,1,0,1,0.6333403574112387,0.7649576107053206,1
0.9355663913278928,0,2.367066318227668,1,0,1,0.9135463505317792,0.9459955779597766,1
0.0218786812218682,1,3.7935479315743614,1,1,0,0.13595753097539004,0.4456442692058184,0
0.30331925183141945,1,2.618850351482488,0,0,0,0.25815585284729603,0.40487216754850114,0
0.7244496788062339,1,3.660381239229746,1,0,1,0.7750372534086504,0.8117568666300348,1
0.36938316832816237,1,0.9465704356087465,0,0,0,0.34217808951140494,0.0560485828325894,0
0.7333604628826742,1,1.8484816190681699,1,0,1,0.9106180237761072,0.7547083918761074,1
0.25268000249174233,1,4.307764761574111,1,0,0,0.15769329639166962,0.365137608456136,0
0.33569065337390597,1,1.5921841932497705,1,0,1,0.34535811905802716,0.1306986951229248,0
0.17214490738652122,1,0.6672087669090219,0,1,1,0.24896104633952737,0.023610955294108005,0
0.901202650727609,0,1.5297869342975794,1,0,1,0.876894886631781,0.7928586341845109,1
0.2324283408261349,1,2.1874191152894884,0,1,0,0.0012213983673482476,0.47377044066779556,0
0.8470212346656664,0,3.3994728065755524,1,0,1,0.7681062477242924,0.6191303572327777,1
0.3729944041943676,0,5.13595798401581,1,0,1,0.000483973876678756,0.422204649120476,0
0.8108242463077407,0,3.921011794746521,1,0,1,0.6995139806062196,0.9570814242001207,1
0.7338906731532818,0,1.59523827169407,1,0,1,0.6378073985828583,0.9847755455317946,1
0.47029605322053736,1,3.981161576044201,0,0,0,0.026920260018118702,0.3290754625929487,0
0.01834490206324796,1,0.6722898777609976,0,0,1,0.4465349484628792,0.29089475166331513,0
0.9437849122396178,0,3.5883581899646027,1,0,1,0.9085542495901757,0.9114730391786618,1
0.08459348598344418,0,2.162126524641965,0,0,1,0.49237902749965085,0.35119051124077727,0
0.08700876495501109,0,3.971153707385005,1,1,0,0.08413571643676193,0.03928413875878506,0
0.10567066448119555,0,1.7531507489658538,0,0,1,0.3303068899689697,0.058542277649365815,0
0.2631819775166284,1,2.575871520812398,1,0,1,0.13543036428079963,0.045996959955780514,0
0.7102085440548229,0,2.8959619992666914,1,0,1,0.799080685281003,0.8439975821640193,1
0.13725454035263546,0,2.6486796171411005,1,1,0,0.22822529126760138,0.04389425438208405,0
0.369934833672704,0,2.1310103518768333,0,0,1,0.48681452609170267,0.4070881278257735,0
0.3656779519216547,1,1.7290234038711998,0,1,1,0.16839652088409496,0.24645229792266,0
0.20786065302780166,1,5.436832957653193,1,1,0,0.21894650274143435,0.3558382843004666,0
0.8708248789189879,0,2.846577563240415,1,0,1,0.6797915593137733,0.665801128396582,1
0.3022525166357618,0,3.742408429312567,1,0,0,0.3600962022160881,0.40933395189134164,0
0.48446812491883623,0,0.7188861241798099,1,1,0,0.47564140034842395,0.48760728503320483,0
0.7024892348566237,0,2.444219794847245,1,0,1,0.7377052755551394,0.9973936675758921,1
0.2637564486098744,1,4.2271153907947525,0,1,0,0.37742718413931275,0.28575928296648867,0
0.016035390247083392,1,5.099750081665528,0,1,1,0.30685998514015284,0.012185619806586112,0
0.9137236049380782,0,1.0773308921175735,1,0,1,0.6682292354580516,0.7340102390574855,1
0.12135671671927095,1,3.892579370413908,0,1,1,0.3733779274408666,0.3678998009850061,0
0.814399471450188,1,2.5306587317458495,1,0,1,0.9025540635827052,0.7043494526214232,1
0.8943268038946081,0,2.5948020563010625,1,0,1,0.7366785511786356,0.7704494202516033,1
0.4731751438402726,1,1.09023740284533,1,0,1,0.261356640213982,0.20894773806711026,0
0.37400874934465245,1,5.652426375604818,0,1,1,0.43372721294604444,0.13024415489624486,0
0.222027038475828,1,4.434604679276965,1,1,1,0.009165487635243386,0.3678393202313226,0
0.9444567074133834,1,2.680590829184567,1,0,1,0.9739039480488721,0.7065278721602563,1
0.42678032984105646,1,5.7305530361947605,0,0,1,0.4832923994094353,0.2942391079794305,0
0.15453114956350278,1,0.2619062271330983,1,0,1,0.11980761468432155,0.012494073130952854,0
0.7365131727988065,1,2.781684405501138,1,0,1,0.6817568692646078,0.9801730022915283,1
0.8798896312564545,1,3.050076499038207,1,0,1,0.9792125618987912,0.8296680677600726,1
0.9340151427233864,1,2.7424948282184425,1,0,1,0.8392807845270254,0.7394859742134782,1
0.22740712506265803,0,5.6006953897994975,0,0,0,0.3395985200586554,0.006404584940569669,0
0.9381448607785332,1,2.2279602402938448,1,0,1,0.7703819712132711,0.9220369468334586,1
0.7305876454516845,1,2.209017882295376,1,0,1,0.7009791474583383,0.6193780346826856,1
0.8049613858131878,0,1.8507644708179,1,0,1,0.7704715228153265,0.6245716096517365,1
0.1101890930751071,1,0.6957498269852544,0,0,1,0.11397287817240392,0.19632723848646855,0
0.7320460965645574,0,2.1008111807125487,1,0,1,0.6557949084339795,0.7529653620273862,1
0.7776367119361428,1,3.1774235864055678,1,0,1,0.9175644074396454,0.8991754671947801,1
0.9217040423121324,0,1.8410507709245874,1,0,1,0.7856550987346935,0.8698325013397833,1
0.1725217028657715,0,3.174482630085614,0,0,1,0.051330694155124756,0.2345980678102011,0
0.7659534271804526,1,2.510931574475964,1,0,1,0.9152912517307586,0.7908207508573127,1
0.9271079628485273,0,3.510774223983407,1,0,1,0.714836422314777,0.7603071090669318,1
0.3941083106821407,0,3.355817941660826,1,1,0,0.1702248197635825,0.10811903066771972,0
0.24587248548085328,1,5.441599717459662,1,0,0,0.052535313570196474,0.16286914531451113,0
0.8223609366629102,1,2.870246425419453,1,0,1,0.6368265385970092,0.9360904418021485,1
0.2725408873528735,1,2.192525470746486,1,1,0,0.29281988771989564,0.19877678107124908,0
0.8736790396247079,1,3.584131986421285,1,0,1,0.8767494180060196,0.9387984112408905,1
0.9944104227820445,0,3.363082369205325,1,0,1,0.78885896437163,0.9480740239931875,1
0.9490791377623197,1,1.9930339648512172,1,0,1,0.8261585647514803,0.6080799869254683,1
0.9974639397314147,0,2.57292682909358,1,0,1,0.963031423141185,0.8430959155394919,1
0.13750729334785955,0,1.6926612424864063,1,1,1,0.05395045178014779,0.24451062248776095,0
0.7891910321977199,1,3.540535547446372,1,0,1,0.7153710411711508,0.8372432909002765,1
0.06887953269984715,1,5.876310371357218,1,0,1,0.19665116588421544,0.2243547582574968,0
0.9152395495513441,1,3.675667460249007,1,0,1,0.8899742612717398,0.9873862341050078,1
0.3928985290432252,0,5.808670897597974,0,1,1,0.41076313203943493,0.3665114106729118,0
0.04644121721168648,0,4.395882648746137,1,0,1,0.2836505182060438,0.21636585097863348,0
0.44629792691795683,1,0.5347920360950922,0,1,1,0.010407965279661535,0.02428533162132268,0
0.7713822338606657,1,1.4780114634513248,1,0,1,0.8229637693852567,0.8266767371929273,1
0.0011097581843249604,0,1.9906616559043167,0,0,1,0.4488518357626617,0.10523648215963971,0
0.19475184738803736,0,4.61958094665582,1,1,1,0.4624709167518764,0.4136557095744127,0
0.23020395923645004,0,5.1224766851077295,1,0,0,0.07266393946047778,0.02983251516135732,0
0.2177194375359387,1,4.355636163632212,1,1,1,0.15415429833770533,0.027653551855757685,0
0.9104392908618277,0,3.206038968381357,1,0,1,0.9634229912922317,0.8178338178586059,1
0.9445036216241254,1,3.66804938259442,1,0,1,0.731332351963519,0.8994696287843666,1
0.7342195693108785,1,3.658510912308041,1,0,1,0.8840252876264332,0.64690967040825,1
0.4195793962916163,1,3.9591709710467864,1,1,1,0.09218372813255493,0.09742899047527115,0
0.1774118208545712,0,4.1695951751239315,1,0,0,0.3519570802559606,0.10787852480574545,0
0.19214360643130263,0,4.0845631324563465,1,0,0,0.45365137068325223,0.3918977293213148,0
0.7107234775492696,0,2.113780566187477,1,0,1,0.9098933847904684,0.7846577659667215,1
0.0025053417534738887,0,1.4934796194210316,0,0,0,0.1248378801382311,0.1336643584306737,0
0.9944246977181387,0,3.5894209802282084,1,0,1,0.6699050302349355,0.6815663345655577,1
0.24000695944979922,0,1.1654565066848654,0,1,0,0.2043398034080846,0.15151958700750306,0
0.7625781616963306,1,3.6536216052888535,1,0,1,0.8229905285505122,0.8165057420746844,1
0.8837933292583553,1,1.5760912681997445,1,0,1,0.8656633001361291,0.8375496477398824,1
0.7111525385930109,1,3.6977779240075863,1,0,1,0.9791120630912127,0.7755031851849978,1
0.8467636646531129,1,2.762372740675049,1,0,1,0.9289859990816451,0.7904740684094883,1
0.4974413301054824,1,3.1956892240138157,0,0,1,0.18905382040471846,0.0072928690322768275,0
0.9340117621457136,1,2.0733637480074685,1,0,1,0.9643814237382418,0.7043385649532479,1
0.3798104983234937,0,0.8384949506539563,1,1,0,0.35959391679328856,0.43669659553593454,0
0.4772238342489291,1,5.480585917843713,0,0,1,0.05025800271022651,0.3689400673631523,0
0.9710877125691588,1,1.8871600477919253,1,0,1,0.901439347395691,0.935035207358202,1
0.09631390559574393,1,1.4330792205594804,0,1,0,0.16159622216498654,0.261445288268776,0
0.13370851179355614,1,0.6762008462894646,0,0,1,0.33281430446520993,0.30489594824298727,0
0.7531396292548214,0,3.5431918201959083,1,0,1,0.6973536018802928,0.9126439617387028,1
0.7207523164811007,1,2.731836979567084,1,0,1,0.98471924497512,0.9376646638140362,1
0.064518172077356,1,2.4500581530295555,0,0,1,0.2151566280080049,0.3122540199829294,0
0.7741344562094687,1,1.4714642372730176,1,0,1,0.9754659737048922,0.8075637584162902,1
0.1312940985728273,0,4.3380873201208,0,1,0,0.42747550924193545,0.3595943304074347,0
0.30978737518966554,0,1.0659883606940554,1,1,0,0.005864028458890225,0.39900900815303925,0
0.8724579823792323,0,3.58075872732814,1,0,1,0.6668977250149167,0.6025265982159733,1
0.9716853264379415,1,3.121983816380008,1,0,1,0.7331692163288649,0.9402408352874545,1
0.06609282972168623,0,2.018684679721762,0,0,1,0.24906984782115493,0.3000294673872289,0
0.9822558279247975,1,1.6390098742725412,1,0,1,0.6552959818915941,0.6826839279469548,1
0.22531074172786136,1,5.7661077928580955,1,1,1,0.2728602610212678,0.10720553969955526,0
0.8356512900997752,0,3.4792038196723647,1,0,1,0.6651186398561375,0.8390623206324955,1
0.4891700337894416,0,4.677571000421809,1,1,0,0.26252518570950684,0.3071991340557114,0
0.1805260390507531,0,0.5385156417061256,1,1,1,0.4225962481883809,0.2897718515891353,0
0.8413242297171049,1,3.325309401165873,1,0,1,0.6021457053322479,0.7676692537705678,1
0.28468821259067995,1,3.4511906801180423,1,0,0,0.05448070171880792,0.4893049097012189,0
0.050864307636591055,0,0.03938177458654191,0,0,0,0.29273717167592267,0.03892382590801663,0
0.08152442763969692,0,5.789152832048748,1,1,0,0.048900264278865235,0.02491371837894396,0
0.8571166483097856,1,3.50959581227544,1,0,1,0.8096622646566292,0.7178798162427122,1
0.790385551089766,1,2.227130013896132,1,0,1,0.9813779468915041,0.776643623989075,1
0.7539073169166575,1,1.2201385747547753,1,0,1,0.8711628180913125,0.6755859835473969,1
0.3513522412916384,0,1.3422773682360438,1,1,0,0.20054008724533906,0.10521391649814871,0
0.8957219687570711,1,1.5493583690162358,1,0,1,0.9034023907411168,0.7437476312631922,1
0.06536633574396816,0,0.49275255194054024,0,1,0,0.29750123494961994,0.11845776441877753,0
0.006876079507655342,1,4.926141096940445,0,1,1,0.20812474605912873,0.35822292483047746,0
0.009517894643572,1,1.491569961381916,0,0,0,0.32461982848355847,0.11446095653021982,0
0.19967695276436975,1,3.758996597115585,1,0,0,0.4418292752451559,0.4096231762415214,0
0.7039991160853873,1,3.648290037254001,1,0,1,0.9007994737055919,0.6537982123613655,1
0.10403671524545777,1,0.05055522386847122,1,0,1,0.2962452509135363,0.3725974010997125,0
0.39765135750017483,1,4.758103227560698,1,1,1,0.2920890757759136,0.3734374073876274,0
0.02362210099322465,1,2.7486622718056704,1,0,0,0.2740370673401333,0.0018220603447690054,0
0.7882537877775038,0,3.430053052083643,1,0,1,0.9631301477352401,0.8077016742641439,1
0.22249518393652812,1,3.995208881410786,0,0,1,0.10781037521143755,0.025337024725489543,0
0.8278668245908145,0,2.6197772242199457,1,0,1,0.9348224911475632,0.916915405104287,1
0.9154455482996806,0,1.7565726741083252,1,0,1,0.6244473867044585,0.7496551538706815,1
0.011120512385171533,1,5.980969461974989,0,0,1,0.4037894652179445,0.0056461786694194105,0
0.8603663617145083,0,1.9369724719424632,1,0,1,0.7808239404816333,0.6582112938336074,1
0.7192293121433486,1,3.791656879904162,1,0,1,0.7083744423259011,0.6240982496748311,1
0.2792994858340028,0,4.8144200272006366,1,1,1,0.1634768830642389,0.38616608686721654,0
0.708013807220749,0,1.9130195658811928,1,0,1,0.8287304957889757,0.7976665449174538,1
0.202901303380619,0,3.982822959454796,0,1,0,0.03151824586575769,0.4362547677808137,0
0.3723177167805849,0,0.6400282834776674,0,0,1,0.16187558225560184,0.006285262724305074,0
0.2866437633795526,1,1.885919807250029,1,0,1,0.04713133296398514,0.22456635794044155,0
0.8168453201065986,1,2.589693944124509,1,0,1,0.8835182897591133,0.8962737020919826,1
0.945555374854987,1,1.3443672299938312,1,0,1,0.8423594535932212,0.7161097630179313,1
0.9541117617667632,0,2.839709653294354,1,0,1,0.949110139034425,0.7090651468940061,1
0.7694106978392776,1,1.153509857053566,1,0,1,0.6433616302382029,0.8746907273336161,1
0.3655517871812809,1,2.178239534107247,1,0,0,0.45192869137984615,0.15783577558473338,0
0.945648468637436,0,3.0594362364492627,1,0,1,0.954048998333178,0.9635538025758666,1
0.8819289402771991,0,2.179338086141371,1,0,1,0.947596133831714,0.8539203712468051,1
0.038809730379755436,0,1.741139327358234,1,0,1,0.25157959697795396,0.4368808370567479,0
0.7237295758164263,1,2.709105589873234,1,0,1,0.8300015534912413,0.836660269364106,1
0.04145484124681326,1,2.6238262093791747,0,1,1,0.4074467686632727,0.03161195191033844,0
0.12820590707344487,0,0.29057738723993953,0,1,0,0.2994939551673401,0.10875722322938491,0
0.7831528657044828,1,2.0842318103873194,1,0,1,0.7762854610994139,0.7405736623563107,1
0.7033968322477276,0,1.805009148285409,1,0,1,0.8689480121780011,0.7457791105771621,1
0.4949300151044942,0,3.0360760054751563,1,1,0,0.049808927372586576,0.060878504605935746,0
0.8696654675269058,1,1.3110465674821485,1,0,1,0.687456354293906,0.6755535555060486,1
0.9804456854185023,0,2.760652008245229,1,0,1,0.6821726356601259,0.9436402852630428,1
0.7149674051946704,1,2.145520167269737,1,0,1,0.6211224162868417,0.7806831293510312,1
0.00508603810573971,0,2.1882672148905407,0,0,0,0.17538518401940217,0.24958279261601135,0
0.4735456680246782,0,1.5398766162576392,0,0,0,0.36101153027288313,0.19214498342319886,0
0.19797251488785017,0,2.7882237264726752,0,0,1,0.2335043639483158,0.19110569465486554,0
0.7721089885446896,0,1.427865420853556,1,0,1,0.7559388032397234,0.6512480851100216,1
0.9955835749432411,1,2.3501589990899783,1,0,1,0.6373091214843666,0.8030843510576857,1
0.8365002631987843,0,1.8374687371662386,1,0,1,0.7653257569956209,0.8333559801692889,1
0.13196141846661202,1,1.9345013049277207,1,0,0,0.2585795878472361,0.41505720130392937,0
0.8083283743945209,0,3.998477672385575,1,0,1,0.7328121450746622,0.8893788612062903,1
0.2973122054994822,1,3.0874343811533276,1,0,1,0.08100981064064189,0.21450160932525397,0
0.7047353328341743,1,1.7617910899799618,1,0,1,0.8816071470240379,0.9418363512646069,1
0.8211590089176919,0,3.5786961917993954,1,0,1,0.9891794356578034,0.8182324486948815,1
0.1722762511970422,1,0.8245974055823238,0,1,0,0.3808167256756732,0.04980625445764186,0
0.287817213978176,0,5.910248116141924,0,1,0,0.3547190351293181,0.3041064841857182,0
0.4061918131174636,0,3.929940621217363,1,0,1,0.3792485814631507,0.363784971743403,0
0.30964325181997576,1,3.068983020448803,1,0,1,0.17537838901778474,0.013242940195203612,0
0.05431577100402474,0,2.6869336598286075,0,1,0,0.10948293062782599,0.26953591090482737,0
0.7469673117179542,1,1.3350445353754752,1,0,1,0.9794498253947925,0.8056459507284571,1
0.19018925261549663,0,4.048134345296748,0,1,1,0.00424727006533776,0.038275604064731295,0
0.7259936019367259,0,1.8919596745240468,1,0,1,0.6600855274042173,0.9421005893786871,1
0.4814488268047903,1,0.8081320398720844,1,1,0,0.27648953106976965,0.3614183512186011,0
0.7606577750713901,0,1.4458110079870723,1,0,1,0.9052187761230539,0.946801799347859,1
0.8820255768249823,0,3.711319900002809,1,0,1,0.8940744226781838,0.9868862619635009,1
0.961629483005764,1,1.4076159139072946,1,0,1,0.8638655919396047,0.8259819665327007,1
0.36105359007463045,1,2.630501666237274,0,0,0,0.2543215795570619,0.3866957274770635,0
0.9239091601644145,1,1.7414597726638932,1,0,1,0.9823178147066042,0.8827484347676082,1
0.845137204183235,0,1.9412655578604805,1,0,1,0.6722533251480999,0.6400167716336067,1
0.9498837742951164,1,3.5462797155742907,1,0,1,0.8015901473998892,0.8822331419526626,1
0.3855034578733128,1,4.616134543510843,1,0,1,0.41485106234663655,0.334019358233382,0
0.042800361179864355,0,2.1125171963767917,0,1,1,0.28759883294354194,0.2948690715373353,0
0.4622416294992281,0,5.976126315312499,1,0,1,0.3586400217009596,0.045681370238561336,0
0.2283447049230431,0,1.1171756074091377,0,0,1,0.4821848930620854,0.07637710162193623,0
0.9817102811310745,1,1.01349183075088,1,0,1,0.7900838036817794,0.9812867046742795,1
0.7657618485956997,1,1.9010387809099218,1,0,1,0.9323685623876095,0.993563114164057,1
0.7876008415512684,0,1.3203811786451545,1,0,1,0.8594277885241624,0.6239388223384872,1
0.4604407927552713,0,0.8249729327835242,0,0,0,0.2397467173577303,0.11105776462474565,0
0.45836981039643016,0,5.94873428873368,1,0,0,0.481099941786613,0.4503823252457092,0
0.7628960990017369,1,2.867233382184741,1,0,1,0.8885290165402695,0.8534948504483051,1
0.29789921635202427,0,3.619860157543524,0,1,1,0.2795409378082078,0.3395878235903972,0
0.27329542345575036,0,5.398928998777076,0,1,0,0.016953437140436678,0.016052340681720845,0
0.8929581388869476,1,3.605674164340672,1,0,1,0.9764517796713221,0.6485653874919212,1
0.7557118890803772,0,1.9943829608435932,1,0,1,0.9567698997336852,0.6792301259295264,1
0.24880724490599343,0,2.730691012561498,1,1,1,0.006544625353120115,0.08497977176141441,0
0.23934067347215265,0,5.985313501465531,0,1,1,0.030431985858311028,0.2541159090225739,0
0.7690330980158713,1,2.7372607710061625,1,0,1,0.8500658566014351,0.8041946810052372,1
0.2450134214426385,0,4.440921430685003,1,1,0,0.04855935181746529,0.288233233667777,0
0.9702019951261335,1,3.6142732398143864,1,0,1,0.7936593883850944,0.9233289399176321,1
0.9189666403673621,1,3.6645511960262365,1,0,1,0.6901205931704483,0.8625715481494411,1
0.47127867334480916,1,5.861107439762995,0,0,1,0.25478180709544845,0.40360170537094775,0
0.7524182810942662,1,2.642708080460163,1,0,1,0.7710249134774632,0.9005650133810679,1
0.7013728092488364,0,3.7724859948673823,1,0,1,0.8046259543806963,0.6901309062086503,1
0.20213411956069388,0,5.941237613625806,0,1,0,0.3076251033024551,0.1543407527155335,0
0.9394623500772196,0,3.181688917587376,1,0,1,0.9643129349307348,0.980397530212544,1
0.0020528047149398487,0,5.213932887592087,0,0,0,0.13587058071963648,0.04893108325588463,0
0.39968658040256627,1,3.4169025526243395,0,1,1,0.45937306544622664,0.20815223163105107,0
0.7510795350505041,1,3.988764278935289,1,0,1,0.9728115195913785,0.9738710264868795,1
0.4487005897194809,0,2.359410452026456,1,0,0,0.4890704364780076,0.0569504048108761,0
0.37251211473475104,1,1.8755989652421559,0,0,1,0.06817418104754291,0.4078750781577842,0
0.7200011233489854,0,1.8270276196631285,1,0,1,0.6867409886684377,0.8187617403680968,1
0.1887523857543532,1,3.21952086490284,1,0,1,0.08282184466685288,0.22610417073021172,0
0.9053262474487622,0,3.6996760211056454,1,0,1,0.9651880972769565,0.7262879248387091,1
0.8725552396763637,1,2.6243659259155603,1,0,1,0.8310987326678702,0.8858477628467883,1
0.7777621816777942,0,3.4242503472666526,1,0,1,0.9154398344375961,0.8505160012694362,1
0.3499530937586688,0,1.4624172013628816,0,1,0,0.3407390474569241,0.08815929964331509,0
0.8370375890030419,1,1.127907426178767,1,0,1,0.8537949569934249,0.7809064730358621,1
0.990132277241534,0,3.74811725558036,1,0,1,0.6596762708136834,0.7858452831336229,1
0.8983989608962089,0,1.007955178723671,1,0,1,0.6731948475800866,0.8927785810253877,1
0.8564793460962221,0,1.7790259311688814,1,0,1,0.9630048154755848,0.8021001391643866,1
0.3719769936687629,0,4.540319791635349,0,1,0,0.029091779693794784,0.09321504294298816,0
0.4677737634770835,0,3.165757424415313,1,0,0,0.47700003587033346,0.39143700076294596,0
0.27810491406798815,1,2.258031806318393,1,1,1,0.0005796670989116626,0.24616311234173044,0
0.8491022637351748,1,2.255662202854686,1,0,1,0.761385571871491,0.7078417944305865,1
0.8741055149958241,1,1.0384560950865938,1,0,1,0.7037790595704917,0.7621456096478954,1
0.0867958307698588,0,3.0546740436215343,0,1,1,0.07396601865064184,0.23829027403001357,0
0.05623440374359401,0,0.012305490721086443,1,1,1,0.0757383625325217,0.01481975961325993,0
0.08131593075184501,0,0.8738745689399465,1,0,0,0.3098346627816021,0.26056353898336004,0
0.7702090772061745,1,1.2064709255561434,1,0,1,0.7072049136321809,0.9784468688379648,1
0.8912662290920428,0,1.283611360635908,1,0,1,0.9860939414545711,0.7767023794353921,1
0.7409246681546522,0,1.892561035940345,1,0,1,0.9677529912679153,0.8909878550880137,1
0.24296946336840114,1,2.5956225094331993,1,0,1,0.19799830224641934,0.43232005995327155,0
0.4819629273522932,1,3.5313001674433844,0,0,0,0.35255863822691597,0.37831496394997577,0
0.21563545901403203,1,2.039603294594876,0,1,1,0.2584980269973474,0.03205213057151973,0
0.3572187878882398,1,3.655736215330341,0,0,1,0.4190199551871829,0.20789622129645274,0
0.7408055172878996,1,3.7186420702677063,1,0,1,0.6693679607245743,0.6220891352415657,1
0.41824686898564795,0,3.7830949468335944,0,0,1,0.4778544740963939,0.04880899700694136,0
0.75822056671693,1,2.451306258816484,1,0,1,0.8627359411105362,0.849607870588289,1
0.21202329807438314,1,4.733557566412535,0,1,1,0.024683198235188608,0.49720725053307024,0
0.1164551789282281,1,0.8216332683727214,1,1,0,0.32741516288095357,0.23392632676681058,0
0.06585302367088502,1,5.740636070909689,1,0,0,0.22637910679985374,0.41823084311525965,0
0.08206866902544424,0,0.9219677275706049,1,1,1,0.05003224022053249,0.3225940903196136,0
0.95764583830342,1,3.7299270328400347,1,0,1,0.7194678966601644,0.941475836135089,1
0.7712229549785137,0,1.1208207968231763,1,0,1,0.7537968261924017,0.7918038058889749,1
0.25776534824818165,1,0.2666316622390992,0,1,1,0.10630172711868907,0.3020851758263801,0
0.8017192649396063,1,3.6926385634982983,1,0,1,0.9382236467348166,0.7559352201881469,1
0.04173300617304054,1,4.432572852647369,1,0,0,0.3667518150469666,0.3143976211175645,0
0.9474391540956684,1,3.4564120286784106,1,0,1,0.7571543066046167,0.6003741299414972,1
0.992152457427367,1,1.9924540021395098,1,0,1,0.6692136422992042,0.665097286391897,1
0.8275289497614091,1,3.125744114048448,1,0,1,0.7200950740079312,0.6277840407721375,1
0.4379040145659519,1,5.60020482576904,1,0,0,0.059982596679803046,0.18497052131549896,0
0.9016087602450279,1,2.2108629997534326,1,0,1,0.7159059476866604,0.8136908387361004,1
0.11930489750185241,0,2.4196173424719882,0,0,1,0.11344222202317616,0.28294330691883385,0
0.9276840849712127,1,1.5001794080919004,1,0,1,0.603656697630723,0.7780725369183088,1
0.03015600349351022,1,2.478551981338481,0,0,0,0.1485411583601584,0.06184759222930969,0
0.41170864011885244,1,3.6552059485563397,1,0,1,0.2393890744505694,0.4860535321476581,0
0.9239526091878788,1,1.890820914233366,1,0,1,0.88483107551842,0.7612819671798755,1
0.4079116529170084,0,3.151729469344923,1,0,0,0.23734711833406902,0.42920714374507474,0
0.7718029542949715,1,2.9548185510061202,1,0,1,0.7363575774785581,0.7409612535918634,1
0.7160389562257857,1,1.816358592852259,1,0,1,0.9306810662005933,0.8283686005064016,1
0.848434987605112,1,3.3490804040345528,1,0,1,0.7292308616833301,0.9084559189880557,1
0.4458297570933728,0,1.0826767544754214,1,0,1,0.17868097747766382,0.48992997840184027,0
0.06752898297311338,1,0.010286248374346663,1,1,1,0.4200165007643607,0.06445032914131749,0
0.1413264207517408,1,0.15000979559168326,0,0,1,0.1757459958469092,0.22203893797979363,0
0.8683988217705956,0,3.4313480950474116,1,0,1,0.6287672693382451,0.6384320403236857,1
0.21286000821628137,0,5.2759828219339475,1,0,0,0.49694062188924204,0.19505073928755956,0
0.8246738733486898,1,3.7143233116860737,1,0,1,0.878499104356836,0.6716888694507214,1
0.353633315944224,1,3.837678535281589,0,0,1,0.12550377047451788,0.16166026962641167,0
0.4318483206886588,1,3.121684528510392,0,0,0,0.18656268695991485,0.3423518634466948,0
0.30929694768008115,1,5.678919287323536,1,0,1,0.12953460190012833,0.3659501687893963,0
0.28525726761114556,0,0.9788345202854076,1,1,0,0.21353260519115835,0.06876155193397565,0
0.03959771199809553,0,2.7283559607191012,1,1,1,0.3434902228911625,0.3618803738191255,0
0.9102386459841975,0,2.223163194506589,1,0,1,0.6846792739242413,0.6251032902762671,1
0.31596439115784786,0,5.702814577993844,1,0,0,0.07324115849309559,0.46802859331923413,0
0.037283240207821255,1,4.192042316598591,0,1,1,0.28028194072851365,0.3816226374495037,0
0.8167750701029207,0,3.438478944344296,1,0,1,0.9800674946031499,0.8267124315851531,1
0.07360169920884352,1,4.982250545760596,0,0,1,0.04035859286206217,0.013816703915402184,0
0.029220419510890272,0,0.01291885080331756,1,0,1,0.11571833608806126,0.26957473530043197,0
0.8405967198838431,0,3.573790946912044,1,0,1,0.9674904133783461,0.7002956852916347,1
0.2872550293644089,1,0.4729218375819766,0,0,0,0.4919533481328549,0.06089494001355478,0
0.76196486394002,0,3.6580852617376616,1,0,1,0.6142728649803343,0.9998785452928183,1
0.9629346066112094,0,2.449853653406336,1,0,1,0.7123700690725911,0.9296733229194186,1
0.8302191930275039,0,3.4901526539960748,1,0,1,0.9909159570825422,0.7698178572435918,1
0.44522669569006984,1,1.0824324392018154,0,1,0,0.11111670708553473,0.1670210892765701,0
0.4415571321999575,1,1.1640985265037387,1,1,1,0.42741169625945885,0.03359880751978339,0
0.8666210908556398,1,2.2005287580977857,1,0,1,0.7746067548233324,0.9799545130451289,1
0.4997343546752776,0,4.804095881092284,0,0,0,0.2729199498532412,0.1267095523676524,0
0.03996895389373345,0,0.3378987814442904,1,0,1,0.3949398100865788,0.24747201081939374,0
0.3994727467428556,0,3.751779240324339,1,1,1,0.48757024662815396,0.22650149855702945,0
0.041420131008787386,0,0.7810581231318714,0,0,1,0.09978214483474246,0.35140271294223935,0
0.8003383627085637,1,2.766671224967678,1,0,1,0.9393413456753588,0.6523555523535695,1
0.38005018087903786,1,1.1439779280253093,1,0,0,0.36385667618962614,0.4253974600079736,0
0.8048248548271631,0,3.0229506150580514,1,0,1,0.9809543633350479,0.6988302951595409,1
0.9350266625242407,0,3.860417577984135,1,0,1,0.6550938262538042,0.9913626594105096,1
0.9791165539436635,1,3.2845371679431645,1,0,1,0.6181373568097938,0.7846629221937778,1
0.8958023608915908,0,3.1143352522647034,1,0,1,0.6815154322286106,0.7638186933942825,1
0.9994264388692549,0,1.0725425101434531,1,0,1,0.9565876225115976,0.9045676587862843,1
0.8037715065507705,0,3.5013908016244963,1,0,1,0.7475933035821772,0.8851459013584597,1
0.8693811171958814,1,3.976676093439547,1,0,1,0.7619312358710497,0.6982528794204776,1
0.7473105407261151,1,2.081970969360922,1,0,1,0.8708600343800135,0.9278453979773787,1
0.3371634756108416,0,2.4589381804598127,0,0,0,0.18305991541428607,0.49441571290884995,0
0.7795841796971434,0,1.0859315053673455,1,0,1,0.9659786429054988,0.9787784679151121,1
0.02304580128500955,0,3.308046773751209,0,0,1,0.03978671093128083,0.006622926554430308,0
0.43448052583002417,1,4.92860683981062,1,0,0,0.01732633454656718,0.3792845057152369,0
0.8055509968219611,1,2.943646367200583,1,0,1,0.9833855539591031,0.6702641406827397,1
0.9749050772112108,0,3.2286808210124076,1,0,1,0.685194565915706,0.9374303724564597,1
0.005178082499191938,0,3.1700754990862956,1,1,0,0.22193013604124123,0.3564881315373367,0
0.8693031627329766,0,2.5882464634176294,1,0,1,0.6913797606376223,0.966211858897501,1
0.033884769852381535,1,1.8131832745040606,1,0,1,0.23334126942182254,0.31073532708884527,0
0.767623165726029,1,1.7901265859257247,1,0,1,0.7955434068598468,0.9358272328370405,1
0.8265132194442012,0,1.8277105225582455,1,0,1,0.9716905067820141,0.8490895123049518,1
0.14338728831921288,0,0.4455768297931557,1,0,0,0.4248702587929926,0.22182657704300884,0
0.7895892651382246,0,1.7144755094025874,1,0,1,0.8111527830235258,0.9901150570798449,1
0.8023367098355458,0,2.1464483491423643,1,0,1,0.8724032913727284,0.8305740626318001,1
0.4578758718042988,0,4.886361734521357,0,1,0,0.44553082610626576,0.15072873326664893,0
0.7359649251418928,1,3.0556161075066797,1,0,1,0.8264844953651083,0.604040391192397,1
0.4234621798881924,1,4.809574098220952,0,0,0,0.002947426098284911,0.21696327310411967,0
0.313978113442349,0,5.766243689710217,1,1,0,0.3116177810524578,0.06331040798479609,0
0.8009438692419095,1,3.827330084928252,1,0,1,0.9100645085792665,0.760742348904204,1
0.04279617266839447,1,2.144625708137963,1,1,0,0.46559022473338285,0.19025176069193578,0
0.9106285277048293,0,3.629138486122863,1,0,1,0.7574942204218549,0.9379184078854883,1
0.7683887283423139,1,2.984579243824982,1,0,1,0.8882897769507869,0.8006200045400251,1
0.3715238309263718,0,4.158626492770905,0,0,0,0.47262057063925217,0.16682179712074707,0
0.7900550389297919,1,2.2435081858027055,1,0,1,0.811792117438179,0.7671219486603366,1
0.2826597325886155,1,1.7900965578078973,0,1,1,0.06607851598728837,0.26992068472226294,0
0.3466296903002537,1,2.7918035377673913,0,0,0,0.29721213727996776,0.10998342989408433,0
0.07694695844400018,1,4.088620007587747,1,1,0,0.17200212432874235,0.1328389907684977,0
0.27455437340679084,0,2.5480294433748227,1,1,1,0.34194924932697923,0.37196314850310247,0
0.7430854303721833,0,2.1904890904901175,1,0,1,0.7786802468537082,0.765890623749583,1
0.7724127870923828,1,1.2025577171641997,1,0,1,0.6089993117599165,0.8156132232211499,1
0.9402954233197847,0,1.755963915018874,1,0,1,0.8889577619176823,0.7109321920054386,1
0.28268699717906004,1,0.11334296575367309,0,1,0,0.057731148459916004,0.25880441122938397,0
0.4426478312842291,1,4.1504864418492975,0,1,1,0.15325477781249525,0.22304165806949916,0
0.07601932395266553,1,5.22080944465643,0,0,0,0.48101274740984884,0.060087992690632475,0
0.48927773932121543,1,3.5959261169828234,1,0,0,0.14211330662140215,0.06561017300874217,0
0.3475444385702135,1,4.73554806214439,0,0,0,0.4832472785028759,0.48267287189081914,0
0.4467981943033607,1,3.819485376162385,0,1,1,0.4336269422349165,0.4188212663915928,0
0.15249955575727941,0,0.03771156874234993,0,1,1,0.3673314723863565,0.3681864804416245,0
0.7120702930392748,1,3.9568044596011798,1,0,1,0.6497430027242094,0.778784034601695,1
0.9377977567870277,0,1.393546824979188,1,0,1,0.7456274484323452,0.9162141503376148,1
0.19783685639068,0,3.261576197340758,0,0,1,0.3690010744547673,0.3552802148108614,0
0.735047292066829,0,1.0382704763919577,1,0,1,0.9870535733482324,0.9155383767046253,1
0.9834617491858129,0,3.606167050340112,1,0,1,0.7650169215827833,0.6425747013867326,1
0.23290283720101285,1,1.7179538919767405,0,0,1,0.14083034448165999,0.24322220861558386,0
0.8081604678996323,1,2.2848783641573744,1,0,1,0.7686428662346904,0.7122352583188554,1
0.34017608013596096,0,1.6240882032178012,0,1,1,0.06391428578532338,0.13104933708669142,0
0.7521675503968172,1,2.8509175383853567,1,0,1,0.6019257493169131,0.8119727254331682,1
0.016055562069213714,1,3.334975797979583,1,0,0,0.3978376587160558,0.40928912940539486,0
0.7293314593464036,0,3.0992940978610055,1,0,1,0.9742236171820267,0.652980454108026,1
0.0469407797536856,1,0.3674217259321588,1,1,1,0.23814738440674882,0.4151400852490726,0
0.197445737250732,1,1.2105679571489993,1,1,0,0.2649816308770361,0.008549885586434991,0
0.9792514354351602,0,2.51766003261107,1,0,1,0.6404377080929133,0.7070430789129212,1
0.026865018496525672,0,2.342185687660562,1,1,0,0.16373670428514464,0.24066753889177334,0
0.7125455520925549,0,1.1285845775883527,1,0,1,0.7311830166193443,0.6535198266508171,1
0.19060035475231146,0,1.854470516844817,1,0,0,0.4503365488087735,0.10062038927578204,0
0.805772903259202,0,1.8927221470903919,1,0,1,0.6905257605655967,0.9546676945551567,1
0.7068885450004817,0,1.2947549240663319,1,0,1,0.9979947380045772,0.7152538594871968,1
0.23402839544887044,0,4.040733229951746,0,0,1,0.3563677182478094,0.17644957745743473,0
0.12176737778790814,0,4.740217486920815,1,0,0,0.32414659943527985,0.24329906887840186,0
0.9814646274256527,1,3.5206882750094173,1,0,1,0.6746361996621689,0.61008859888538,1
0.7703499127647588,0,3.1808735856882073,1,0,1,0.9264859766985415,0.7878152934333128,1
0.9776979295246557,0,1.5942314473980246,1,0,1,0.6057961489809615,0.9584764413622868,1
0.31844106329185307,1,1.6354943155564645,1,0,0,0.33114674910893355,0.41377868892882647,0
0.45621053736471573,0,5.993016503186417,0,1,1,0.03146803677448695,0.34075307804207106,0
0.002351531735317325,1,3.326621828817861,0,1,0,0.4668170721510702,0.05094751935004388,0
0.9986237092702936,1,3.3304944106079155,1,0,1,0.6367178136433259,0.7093292450098025,1
0.1046752094446991,0,5.756646129640828,1,0,1,0.34316411488380616,0.0759622896401621,0
0.48541555844780776,0,5.432061030892257,1,0,1,0.07106902456947006,0.40307150334466246,0
0.24708340383123,1,1.3115615265462053,0,0,0,0.15603180298993435,0.24853179898811967,0
0.9914481580478886,0,3.789522452222769,1,0,1,0.9497527642798178,0.899269710975136,1
0.40935831464556616,1,5.022283312593601,0,1,0,0.48219736937341207,0.12833484345838375,0
0.8449559552828692,1,3.4160521838186284,1,0,1,0.6449105481594559,0.9243387163175478,1
0.3835455111929139,1,5.012425249627556,0,1,0,0.007250016740580401,0.3440994456481156,0
0.935082121018076,1,3.484213506125507,1,0,1,0.8863210916009783,0.6881118068030787,1
0.06770008160403268,0,3.0085658091195575,1,1,1,0.10038195078141648,0.17359505573384915,0
0.42900067890961374,1,0.4985280818175737,0,1,0,0.11717311462426866,0.44404739298959633,0
0.8097079176994088,0,3.005251661410582,1,0,1,0.8213701054675302,0.8273331954243812,1
0.7253078364072315,1,3.7345500953924238,1,0,1,0.6013539127788124,0.7790073557777999,1
0.8628843693553608,1,2.7885526400842546,1,0,1,0.965174808480174,0.724802819614773,1
0.9696842027887868,1,3.5696236302661934,1,0,1,0.8423474301105115,0.9621652416745042,1
0.1575851390266858,0,2.2198522865621895,1,1,0,0.030963809521636465,0.2506434709352079,0
0.3129123278763138,0,3.51169961530635,0,1,1,0.278424063319933,0.40923233685396776,0
0.02845886306949119,0,5.425392336136977,1,0,1,0.4964948633476772,0.4589340615310875,0
0.7650852819533062,1,2.213974869072796,1,0,1,0.8520189099881459,0.9407680840861823,1
0.7291868150727511,0,1.1169213892694052,1,0,1,0.8705539043413372,0.9328285490737152,1
0.71143871032924,1,3.9101449207344743,1,0,1,0.6223410495122543,0.832852604115913,1
0.9167015610357576,1,1.9512471587629399,1,0,1,0.9861341649947757,0.8182698171539171,1
0.9327645401656708,1,2.572558396362088,1,0,1,0.8495188435719582,0.6843055243335608,1
0.09077070913251395,1,3.292106812650834,1,0,0,0.06417797941056358,0.38879843650099977,0
0.8961103277919659,1,1.198143550295407,1,0,1,0.6695840264916686,0.617196866009206,1
0.2999214798601678,0,2.9409576388035736,0,1,0,0.21594186037795055,0.2860467420248796,0
0.004227445089437842,1,3.8853371516725472,0,1,0,0.4503224209424464,0.09121211220254788,0
0.36393067150883057,1,5.15981582776039,0,1,1,0.48822755588098454,0.4209004321330565,0
0.8124171805647559,0,3.852345330334065,1,0,1,0.7689566998834064,0.9414637317467031,1
0.3631978211532409,1,4.370185511636376,1,1,0,0.33537899074666466,0.2754215952373963,0
0.2177345112908014,0,2.9406502568304234,1,1,0,0.022052419840934923,0.41379238922296113,0
0.7696757741591798,0,3.834471337031573,1,0,1,0.923839892431071,0.6447240371048378,1
0.280367110139981,0,2.084743851980351,1,0,0,0.08367139733171036,0.28435597462713036,0
0.7732517140890661,1,1.8251694313686104,1,0,1,0.6152024708643326,0.6362013093766047,1
0.9117296758873386,1,3.4476364831048363,1,0,1,0.864476274759866,0.7902784179039207,1
0.9301381225913681,1,2.7939352892159555,1,0,1,0.9042948121358692,0.674380971175479,1
0.35211797904715286,0,2.495377428306027,0,0,0,0.07970081790726274,0.33088106212479285,0
0.9438741387354448,0,3.267205281722594,1,0,1,0.8557823879539164,0.8291808412130901,1
0.7090301560570514,1,1.7291059409146858,1,0,1,0.7237894119187436,0.8797282922771985,1
0.7175447136406301,0,2.458798729969787,1,0,1,0.6951033799060786,0.8547549188682024,1
0.13552172260380158,1,3.807925932765537,1,0,1,0.1910536775462094,0.04855909629898203,0
0.931029524273848,0,2.7915536641260186,1,0,1,0.9160844827209522,0.9299506080877271,1
0.7777153903197379,1,3.8860543192405803,1,0,1,0.6542071702668376,0.6793830999729157,1
0.11656700859972507,1,0.9934345362596206,1,0,0,0.29276921340675194,0.24855083713104847,0
0.8402627822432827,0,2.9351939175105852,1,0,1,0.7069309379467865,0.6141352468977003,1
0.2334723215974664,1,1.6195265453748564,1,1,1,0.020270429393154765,0.28278414759597553,0
0.19521783337226073,0,1.0011355657852552,0,1,0,0.2263716365568777,0.47356686120589697,0
0.4553178771251204,0,1.0698031965820358,1,0,0,0.33973659002742557,0.314408275367106,0
0.09934052987894781,1,4.148509511919577,1,0,0,0.07029970735937491,0.18741595541085077,0
0.9536153937285685,1,3.9715899638618843,1,0,1,0.64682117742801,0.7220064419815362,1
0.1723961409182042,0,3.9972468382769364,1,1,1,0.18050624707753787,0.10695953888086385,0
0.41667453554775796,1,3.9776627594088114,0,0,0,0.4423147186502107,0.16291904492928044,0
0.9213780571003556,1,3.956412118361012,1,0,1,0.6759829243280121,0.9700120160866116,1
0.7271564099259942,1,2.7125029495239747,1,0,1,0.6467591475082415,0.7640247564711061,1
0.852236413389667,0,2.1258764851591394,1,0,1,0.8996353440937324,0.6681215294145366,1
0.9322045420379166,0,1.039929113266414,1,0,1,0.6213768132209371,0.8571710162467145,1
0.3247564379914364,0,4.587581200552138,0,0,0,0.10653262376977662,0.20368982356132853,0
0.84798492554159,0,1.2095968910230281,1,0,1,0.8380780980206688,0.7584741563284452,1
0.7949377869901438,1,2.4323825563130255,1,0,1,0.7267849904520359,0.9262368814010848,1
0.848210607700399,0,3.255540344438947,1,0,1,0.8817292919192352,0.7201835023908688,1
0.21972105093662603,0,5.171110616087763,0,1,0,0.048866832317265296,0.2400961697398118,0
0.935398009737268,0,1.5895658172983818,1,0,1,0.9611501769653951,0.6768373353673512,1
0.8957197122687899,0,2.8214136051653984,1,0,1,0.6890494826121637,0.9385906933187891,1
0.874252629184746,0,1.670716166401273,1,0,1,0.7437996996263366,0.6908425136354799,1
0.13757103523983538,1,4.7908389230365795,0,1,0,0.004583466823112392,0.46910473614935483,0
0.47312748081574996,0,5.202259080008579,0,1,0,0.3645553143621865,0.419828522419167,0
0.4300787245861631,1,1.0179526067647062,0,0,0,0.37367934122130486,0.3012111605698206,0
0.8439788548511419,1,2.7086137028816126,1,0,1,0.6094056840705983,0.9393868930259578,1
0.8872543049442005,0,2.2652762291283617,1,0,1,0.6132136390190231,0.9693162371484133,1
0.824566898846025,1,2.362909668768974,1,0,1,0.7662834562594236,0.8780809316236056,1
0.9379170799644405,0,2.8945744563303997,1,0,1,0.7038906039500092,0.6473077643804995,1
0.7962374752308464,1,2.3077438539963806,1,0,1,0.7095548817801355,0.9168627309158226,1
0.9592094482149409,1,2.2990065765731287,1,0,1,0.8008709927455315,0.837683341697938,1
0.3093758715029465,1,3.385684233194504,0,0,1,0.1675062052271713,0.20349732794702763,0
0.17387590648436824,1,3.1157822901248524,1,1,0,0.3982715259547036,0.2851100093958878,0
0.7396562516486456,0,3.647065005735212,1,0,1,0.9453253115997644,0.7874446141191765,1
0.8579845585702183,0,2.8622167504919354,1,0,1,0.7836256108041554,0.9377349350340936,1
0.8324979577079774,1,3.397160901420363,1,0,1,0.9653865211089718,0.7476298854138943,1
0.8869816254120397,1,2.5782399030584418,1,0,1,0.8208079850432417,0.8962552075911712,1
0.32942067443770895,1,2.6734060061147966,1,0,1,0.2958639199516077,0.47325913002142805,0
0.2959584624239678,1,2.360299184733617,1,1,0,0.20475522389384676,0.08267516244874928,0
0.12428279811457327,1,0.8631847498364849,1,1,1,0.09794186661315929,0.31333725928685213,0
0.9784822267227407,0,3.640343313200281,1,0,1,0.6279446366293876,0.924779451009111,1
0.8953442119796041,1,3.087396939603373,1,0,1,0.9313251667192097,0.8906776886719345,1
0.48743446275249047,0,4.3704321878983,0,1,0,0.07800972929310462,0.45820063808292044,0
0.06178503756177478,1,2.849935435013646,1,0,0,0.10883718737721798,0.1099401894320724,0
0.7265953066073666,0,3.9357225594219565,1,0,1,0.9500376422366272,0.8915009932722505,1
0.11987423092902505,1,1.9023347071213605,0,0,1,0.0718193635076168,0.27137992864499444,0
0.012609251040179292,0,3.4707392807976407,0,1,0,0.2542511474892797,0.06615384271512792,0
0.3147195386318147,0,5.194435268629277,1,0,1,0.3253625243704697,0.1829457267963983,0
0.4592523747822313,1,5.641764902758984,0,0,0,0.10177022631385108,0.1269142741453531,0
0.11357031028808873,0,0.03287528316782207,1,0,1,0.1112510051216658,0.4792130862605459,0
0.7644014283249081,0,3.655606566632817,1,0,1,0.7768904302560321,0.8533447773381753,1
0.9405428651923695,1,2.1257041429113257,1,0,1,0.6717456752220717,0.6272048093096684,1
0.9354658394342241,1,3.5913111152398733,1,0,1,0.7267961459534165,0.965532928587314,1
0.8605984059062393,1,1.3478402850205677,1,0,1,0.9013904184233096,0.7431619007537478,1
0.03643893080119004,1,5.822635924630055,1,0,1,0.3213542086726687,0.25497052871373077,0
0.07239187015247417,0,0.8360458197932301,0,1,1,0.3671137793680278,0.23536923778819058,0
0.7015027853816259,1,1.3497943127231293,1,0,1,0.6191423837532088,0.6622902594890421,1
0.06437277345299136,0,4.823076168946912,0,0,0,0.46946540477807763,0.12616265854118158,0
0.8599288378240862,0,2.541602385142744,1,0,1,0.6069594498454625,0.7205931656827789,1
0.3712485670520273,1,1.1114156736227838,0,0,1,0.37615508890916094,0.029594168472651505,0
0.7531888296075139,1,1.4549243614467957,1,0,1,0.9409399257088793,0.99805633974115,1
0.736551475935477,0,2.0968492319438994,1,0,1,0.6799545243744043,0.7495758724759604,1
0.9454746464138023,0,1.5317014533207631,1,0,1,0.994011809637659,0.7027300806847243,1
0.9742742209681028,1,2.9899823861314685,1,0,1,0.7563889226473642,0.7105461943643836,1
0.4343520574443069,0,1.2891723658359422,0,0,1,0.006615503871646278,0.41255888707455046,0
0.7372565883935216,0,3.045477878730054,1,0,1,0.6703068354586389,0.9358489794892527,1
0.9061688302190528,0,1.9772848915015133,1,0,1,0.6715064191259298,0.9548587017544771,1
0.17191230793777773,0,1.8704808278356704,0,0,0,0.4569006384728501,0.07263268288563784,0
0.35049759639486255,1,1.0352426159381403,0,0,1,0.4104395828842806,0.23101194996329116,0
0.8487792302478965,1,2.7614635761945223,1,0,1,0.7437456055162744,0.6413642853511278,1
0.9742535408978074,1,1.5104040430652748,1,0,1,0.6684800669797811,0.6456217585406193,1
